,County,Vote Center ID,Address,City
0,APPLING,1012,245 INDUSTRIAL DR,BAXLEY
1,APPLING,1018,3397 HATCH PKY N,BAXLEY
2,APPLING,1001,392 ALTAMAHA SCHOOL RD,BAXLEY
3,APPLING,1006,353 BLACKSHEAR HWY,BAXLEY
4,APPLING,1002,252 W. PARKER ST.,BAXLEY
5,APPLING,1024,5274 LAKE MAYERS RD.,BAXLEY
6,APPLING,1008,83 S OAK ST,BAXLEY
7,APPLING,1022,525 ZION BAPTIST CH. RD.,BAXLEY
8,APPLING,1010,16 PRATT HUTTO RD SE,SURRENCY
9,ATKINSON,2001,636 AUSTIN AVENUE E,PEARSON
10,ATKINSON,2002,7191 ATKINSON BLVD. E.,AXSON
11,ATKINSON,2012,786 AUSTIN AVENUE EAST,PEARSON
12,ATKINSON,2005,33 FLEETWOOD AVENUE,WILLACOOCHEE
13,BACON,3002,232 WEST 12TH STREET,ALMA
14,BAKER,4001,100 GA HWY 200,LEARY
15,BAKER,4004,1694 JERICHO RD,NEWTON
16,BAKER,4005,5600 HOGGARDS MILL RD,COLQUITT
17,BAKER,4006,1512 PATMOS MILFORD HWY,LEARY
18,BAKER,4002,279 W. BROAD STREET,NEWTON
19,BALDWIN,5001,121 N WILKINSON ST,MILLEDGEVILLE
20,BALDWIN,5002,127 E HANCOCK ST,MILLEDGEVILLE
21,BALDWIN,5003,252 COOPERS RD SW,MILLEDGEVILLE
22,BALDWIN,5015,751 DUNLAP RD NE,MILLEDGEVILLE
23,BALDWIN,5006,207 LOVERS LN NE,MILLEDGEVILLE
24,BALDWIN,5005,201 W THOMAS ST,MILLEDGEVILLE
25,BALDWIN,5009,1340 ORCHARD HILL RD,MILLEDGEVILLE
26,BALDWIN,5010,124 THOMAS ST SE,MILLEDGEVILLE
27,BALDWIN,5011,312 ALLEN MEMORIAL DR SW,MILLEDGEVILLE
28,BALDWIN,5012,781 GA HIGHWAY 212 W,MILLEDGEVILLE
29,BALDWIN,5004,184 LOG CABIN RD NE,MILLEDGEVILLE
30,BALDWIN,5013,164 GORDON HWY SW,MILLEDGEVILLE
31,BALDWIN,5014,59 GA HIGHWAY 22 W,MILLEDGEVILLE
32,BALDWIN,5007,418 GA HIGHWAY 22 W,MILLEDGEVILLE
33,BANKS,6009,747 ROCK SPRINGS RD,LULA
34,BANKS,6009,747 ROCK SPRINGS RD,LULA
35,BANKS,6024,1702 GROVE LEVEL ROAD,MAYSVILLE
36,BANKS,6024,1702 GROVE LEVEL ROAD,MAYSVILLE
37,BANKS,6002,943 HISTORIC HOMER HWY,HOMER
38,BANKS,6002,943 HISTORIC HOMER HWY,HOMER
39,BANKS,6016,3247 HWY 105,BALDWIN
40,BANKS,6016,3247 HWY 105,BALDWIN
41,BANKS,6016,3247 HWY 105,BALDWIN
42,BANKS,6025,2743 HIGHWAY 51 N,HOMER
43,BANKS,6025,2743 HIGHWAY 51 N,HOMER
44,BANKS,6008,2170 HWY 59,COMMERCE
45,BANKS,6008,2170 HWY 59,COMMERCE
46,BARROW,7028,1054 OLD THOMPSON MILL RD,HOSCHTON
47,BARROW,7024,750 MANGER AVE,BETHLEHEM
48,BARROW,7020,115 PATRICK MILL RD SW,WINDER
49,BARROW,7012,1625 BETHLEHEM RD,STATHAM
50,BARROW,7029,625 JEFFERSON HWY,WINDER
51,BARROW,7002,1622 UNION GROVE CHURCH RD,AUBURN
52,BARROW,7022,546 TREADWELL RD,BETHLEHEM
53,BARROW,7017,113 E ATHENS ST,WINDER
54,BARTOW,8003,6503 GLADE RD,ACWORTH
55,BARTOW,8030,20 PARMENTER ST,CARTERSVILLE
56,BARTOW,8005,33 BEAVERS DRIVE,CARTERSVILLE
57,BARTOW,8006,435 WEST MAIN STREET,CARTERSVILLE
58,BARTOW,8031,1663 CASSVILLE RD NW,CARTERSVILLE
59,BARTOW,8008,684 CENTER RD,CARTERSVILLE
60,BARTOW,8016,122 WEST MAIN STREET,CARTERSVILLE
61,BARTOW,8029,585 OLD ALABAMA RD,CARTERSVILLE
62,BARTOW,8009,700 HWY 293,EMERSON
63,BARTOW,8010,30 BURGE`S MILL RD,EUHARLEE
64,BARTOW,8011,2124 STATE ROUTE 140,ADAIRSVILLE
65,BARTOW,8012,30 WEST MAIN STREET,KINGSTON
66,BARTOW,8025,163B MANNING MILL RD,ADAIRSVILLE
67,BARTOW,8026,189 OLIVE VINE CHURCH RD,RYDAL
68,BARTOW,8019,11 EUHARLEE STREET,TAYLORSVILLE
69,BARTOW,8028,3411 HIGHWAY 411 NE,WHITE
70,BARTOW,8023,102 ZENA DRIVE,CARTERSVILLE
71,BEN HILL,9001,602 S. GRANT ST,FITZGERALD
72,BEN HILL,9004,602 S. GRANT ST,FITZGERALD
73,BERRIEN,10012,516-A COUNTY FARM ROAD,NASHVILLE
74,BERRIEN,10003,112 N.W. RAILROAD ST,ALAPAHA
75,BERRIEN,10005,569 MAIN ST,ENIGMA
76,BERRIEN,10004,8151 MAIN ST,RAY CITY
77,BERRIEN,10016,11062 GA - HWY 125,LENOX
78,BIBB,11120,1646 UPPER RIVER RD,MACON
79,BIBB,11108,1536 MLK BLVD,MACON
80,BIBB,11101,1010 NEWBERG AVE,MACON
81,BIBB,11014,3660 HOUSTON AVE,MACON
82,BIBB,11102,4543 BLOOMFIELD RD,MACON
83,BIBB,11100,1780 ANTHONY RD,MACON
84,BIBB,11104,2306 VINEVILLE AVE,MACON
85,BIBB,11114,1217 FOREST HILL RD,MACON
86,BIBB,11111,3805 NAPIER AVE,MACON
87,BIBB,11004,4041 MUMFORD RD,MACON
88,BIBB,11044,2254 ROCKY CREEK RD.,MACON
89,BIBB,11113,5645 FORSYTH RD,MACON
90,BIBB,11021,100 CLUBHOUSE RD,MACON
91,BIBB,11023,2950 S LIZELLA RD,LIZELLA
92,BIBB,11118,390 PIERCE AVE,MACON
93,BIBB,11112,5399 HARTLEY BRIDGE RD,MACON
94,BIBB,11116,640 WIMBISH RD,MACON
95,BIBB,11025,100 UNIVERSITY PKWY,MACON
96,BIBB,11029,6751 HOUSTON RD,MACON
97,BIBB,11042,3003 TRUITT PL.,MACON
98,BIBB,11110,158 LAMAR RD,MACON
99,BIBB,11036,565 WIMBISH RD,MACON
100,BIBB,11054,5024 NORTHSIDE DR,MACON
101,BIBB,11002,5915 ZEBULON RD,MACON
102,BIBB,11038,2910 ALLEN RD.,MACON
103,BIBB,11105,2003 RIVERSIDE DR,MACON
104,BIBB,11006,175 EMERY HWY.,MACON
105,BIBB,11027,432 FOREST HILL RD,MACON
106,BIBB,11119,1211 SHURLING DR,MACON
107,BIBB,11115,4354 JEFFERSONVILLE RD,MACON
108,BIBB,11024,1415 BASS RD,MACON
109,BLECKLEY,12002,290 ASH STREET,COCHRAN
110,BRANTLEY,13006,235 CHICAGO AVE,HOBOKEN
111,BRANTLEY,13003,789 BURTON ST,NAHUNTA
112,BRANTLEY,13010,25530 HWY 82,WAYNESVILLE
113,BROOKS,14011,190 MASSEY ST,BARWICK
114,BROOKS,14007,5110 DIXIE ROAD,DIXIE
115,BROOKS,14008,1290 CATES RD,VALDOSTA
116,BROOKS,14009,178 2ND ST,MORVEN
117,BROOKS,14001,400 E COURTLAND AVE,QUITMAN
118,BROOKS,14010,7246 MADISON HWY,QUITMAN
119,BROOKS,14003,128 HARRIS ST,PAVO
120,BRYAN,15007,8810 HIGHWAY 280 E,BLACK CREEK
121,BRYAN,15013,66 CAPT MATTHEW FREEMAN,RICHMOND HILL
122,BRYAN,15011,580 DANIELSIDING LOOP RD,RICHMOND HILL
123,BRYAN,15002,9184 FORD AVENUE,RICHMOND HILL
124,BRYAN,15020,91 LANIER ST,PEMBROKE
125,BRYAN,15003,4060 WILMA EDWARDS RD,ELLABELL
126,BRYAN,15005,500 CEDAR ST,RICHMOND HILL
127,BRYAN,15010,16252 GA HWY 144,RICHMOND HILL
128,BRYAN,15015,1955 SGT MICHAEL W LARSON DR,RICHMOND HILL
129,BRYAN,15022,508 TIMBER TRAIL,RICHMOND HILL
130,BULLOCH,16013,351 NORTH GRADY STREET,PORTAL
131,BULLOCH,16002,5023 CLITO RD,STATESBORO
132,BULLOCH,16001,63 LANIER RD,PEMBROKE
133,BULLOCH,16004,416 NORTH CROMLEY ROAD,BROOKLET
134,BULLOCH,16008,3023 HARVILLE ROAD,STATESBORO
135,BULLOCH,16009,16942 US HWY 67,STATESBORO
136,BULLOCH,16019,300 LEE AVE,BROOKLET
137,BULLOCH,16003,4508 ROCKYFORD RD,PORTAL
138,BULLOCH,16007,1757 METTS RD,STATESBORO
139,BULLOCH,16010,8438 NEVILS GROVELAN ROAD,PEMBROKE
140,BULLOCH,16018,1102 FAIR RD,STATESBORO
141,BULLOCH,16006,10 CHURCH STREET,REGISTER
142,BULLOCH,16015,4 SOUTH ZETTEROWER AVE,STATESBORO
143,BULLOCH,16016,16894 HWY 119 CONN,BROOKLET
144,BULLOCH,16011,1934 UNION CHURCH RD,REGISTER
145,BULLOCH,16017,150 WILLIAMS ROAD,STATESBORO
146,BURKE,17022,715 W 6TH ST,WAYNESBORO
147,BURKE,17001,208 GA HIGHWAY 24 S,WAYNESBORO
148,BURKE,17024,717 W 6TH,WAYNESBORO
149,BURKE,17006,4627 GA HIGHWAY 24 S,SARDIS
150,BURKE,17007,5289 GA HIGHWAY 23 S,WAYNESBORO
151,BURKE,17008,1593 SPRING BRANCH CHURCH ROAD,WAYNESBORO
152,BURKE,17010,9987 GA HIGHWAY 305,KEYSVILLE
153,BURKE,17012,6340 GA HIGHWAY 56 S,MILLEN
154,BURKE,17013,4595 ALEXANDER-MUNNERLYN ROAD,WAYNESBORO
155,BURKE,17002,2458 GOUGH RED HILL RD,KEYSVILLE
156,BURKE,17014,150 B BRIGHAM LANDING RD,GIRARD
157,BURKE,17011,2973 WINTER ROAD,BLYTHE
158,BURKE,17015,196 KILPATRICK STREET,MIDVILLE
159,BURKE,17017,1209 ELLISON BRIDGE RD.,SARDIS
160,BURKE,17018,7052 GA HIGHWAY 24 W,WAYNESBORO
161,BURKE,17009,480 MARTIN LUTHER KING DRIVE,KEYSVILLE
162,BUTTS,18012,625 W THIRD ST,JACKSON
163,CALHOUN,19001,28007 MAIN ST,MORGAN
164,CALHOUN,19007,326 MLK JR DR,ARLINGTON
165,CALHOUN,19002,4411 E MAIN ST,LEARY
166,CALHOUN,19011,460 TURNER ST,EDISON
167,CALHOUN,19012,460 TURNER ST,EDISON
168,CAMDEN,20002,10600 COLERAIN ROAD,SAINT MARYS
169,CAMDEN,20002,10600 COLERAIN ROAD,SAINT MARYS
170,CAMDEN,20035,333 SOUTH ASHLEY STREET,KINGSLAND
171,CAMDEN,20009,531 NORTH LEE STREET,KINGSLAND
172,CAMDEN,20006,7354 HARRIETTS BLUFF RD,WOODBINE
173,CAMDEN,20001,140 COLERAIN ROAD,KINGSLAND
174,CAMDEN,20001,140 COLERAIN ROAD,KINGSLAND
175,CAMDEN,20013,1946 SPRING BLUFF ROAD,WAVERLY
176,CAMDEN,20037,1050 WILDCAT DR,KINGSLAND
177,CAMDEN,20060,101 PINE STREET,ST. MARYS
178,CAMDEN,20052,400 OSBORNE ST,SAINT MARYS
179,CAMDEN,20011,377 NEW POST RD,WHITE OAK
180,CAMDEN,20010,101 MILLER STREET,SAINT MARYS
181,CAMDEN,20014,310 BEDELL AVENUE,WOODBINE
182,CANDLER,21002,621 W PINE STREET,METTER
183,CANDLER,21002,621 W PINE STREET,METTER
184,CANDLER,21002,621 W PINE STREET,METTER
185,CANDLER,21002,621 W PINE STREET,METTER
186,CARROLL,22002,2868 CARROLLTON VR HWY,CARROLLTON
187,CARROLL,22003,167 WEST AVE,CARROLLTON
188,CARROLL,22005,101 BARR AVE,BOWDON
189,CARROLL,22006,2176 CENTER POINT RD,TEMPLE
190,CARROLL,22017,2675 S HIGHWAY 16,CARROLLTON
191,CARROLL,22008,155 GA HIGHWAY 113,CARROLLTON
192,CARROLL,22009,6230 LAKEVIEW PARKWAY,VILLA RICA
193,CARROLL,22012,646 INDUSTRIAL BLVD,VILLA RICA
194,CARROLL,22026,2965 N HIGHWAY 100,WACO
195,CARROLL,22014,116 LUMPKIN DR,CARROLLTON
196,CARROLL,22015,4585 E HIGHWAY 166,CARROLLTON
197,CARROLL,22016,3915 CTON VILLA RICA HWY,VILLA RICA
198,CARROLL,22004,4685 N HIGHWAY 27,CARROLLTON
199,CARROLL,22018,4455 MOUNT ZION RD,MT ZION
200,CARROLL,22007,710 ROME ST,CARROLLTON
201,CARROLL,22021,2829 OAK GROVE CHURCH RD,CARROLLTON
202,CARROLL,22022,77 OLD CAMP CHURCH RD,CARROLLTON
203,CARROLL,22023,524 LESLIE DR,VILLA RICA
204,CARROLL,22024,835 N. HIGHWAY 27,ROOPVILLE
205,CARROLL,22025,1874 BURWELL RD,CARROLLTON
206,CARROLL,22027,245 COTTAGE HILL RD,CARROLLTON
207,CARROLL,22034,280 ROME ST,TEMPLE
208,CARROLL,22035,280 ROME ST,TEMPLE
209,CARROLL,22029,4514 TYUS CARROLLTON RD,CARROLLTON
210,CARROLL,22031,00 Z 6 FOOD SERVICE BLD,CARROLLTON
211,CARROLL,22013,1605 CTON VILLA RICA HWY,VILLA RICA
212,CARROLL,22030,425 WILLIE NORTH DR,CARROLLTON
213,CARROLL,22032,50 BOOSTER FIELD RD,WHITESBURG
214,CATOOSA,23001,773 GORDY CIR,TUNNEL HILL
215,CATOOSA,23002,4057 BOYNTON DR,RINGGOLD
216,CATOOSA,23003,2803 KEITH RD,RINGGOLD
217,CATOOSA,23004,4346 LONG HOLLOW RD,ROCK SPRING
218,CATOOSA,23006,205 FORREST RD,FT OGLETHORPE
219,CATOOSA,23007,967 GRAYSVILLE RD,RINGGOLD
220,CATOOSA,23008,452 HUDSON ST,ROSSVILLE
221,CATOOSA,23009,470 ROLLINS INDUSTRIAL COURT,RINGGOLD
222,CATOOSA,23010,5238 EVITT ST,RINGGOLD
223,CATOOSA,23011,3319 LAKEVIEW DR,ROSSVILLE
224,CATOOSA,23012,36 E NICKAJACK RD,RINGGOLD
225,CHARLTON,24001,34438 OKEFENOKEE DRIVE,FOLKSTON
226,CHARLTON,24002,2561 HIGHWAY 121,ST. GEORGE
227,CHARLTON,24004,541 FIRST ST,FOLKSTON
228,CHARLTON,24006,97 RAILROAD STREET,FOLKSTON
229,CHARLTON,24007,387 PENNSYLVANIA AVENUE,HOMELAND
230,CHARLTON,24009,3562 CARTER COMMUNITY ROAD,FOLKSTON
231,CHARLTON,24010,13063 FLORIDA AVENUE,ST. GEORGE
232,CHARLTON,24011,18829 HIGHWAY 301,FOLKSTON
233,CHATHAM,25005,207 E MONTGOMERY CROSSROADS,SAVANNAH
234,CHATHAM,25006,3001 HOPKINS ST,SAVANNAH
235,CHATHAM,25008,4700 SKIDAWAY ROAD,SAVANNAH
236,CHATHAM,25009,202 E MOORE STREET,BLOOMINGDALE
237,CHATHAM,25089,78 VAN HORN DR,TYBEE ISLAND
238,CHATHAM,25012,1909 CYNTHIA ST,SAVANNAH
239,CHATHAM,25013,603 WEST VICTORY DR,SAVANNAH
240,CHATHAM,25082,905 COLLAT ST,SAVANNAH
241,CHATHAM,25021,632 STEPHENSON AVENUE,SAVANNAH
242,CHATHAM,25069,1805 E GWINNETT ST,SAVANNAH
243,CHATHAM,25080,1023 DUTCHTOWN RD,SAVANNAH
244,CHATHAM,25138,1601 BENTON BLVD,SAVANNAH
245,CHATHAM,25015,301 W OGLETHORPE AVE,SAVANNAH
246,CHATHAM,25110,275 BERWICK BLVD,SAVANNAH
247,CHATHAM,25134,2 CANEBRAKE RD,SAVANNAH
248,CHATHAM,25035,81 COFFEE BLUFF VILLA RD,SAVANNAH
249,CHATHAM,25061,2 LAURA ST,SAVANNAH
250,CHATHAM,25019,2 LAURA ST,SAVANNAH
251,CHATHAM,25020,183 WILSHIRE BLVD,SAVANNAH
252,CHATHAM,25031,1402 HARMON ST,SAVANNAH
253,CHATHAM,25022,10050 FERGUSON AVENUE,SAVANNAH
254,CHATHAM,25023,402 TREAT ST,SAVANNAH
255,CHATHAM,25028,35 NELSON AVE,GARDEN CITY
256,CHATHAM,25055,204 US HIGHWAY 80,POOLER
257,CHATHAM,25024,6613 JOHNNY MERCER BLVD,SAVANNAH
258,CHATHAM,25025,520 WASHINGTON AVE,SAVANNAH
259,CHATHAM,25027,78 VARNEDOE AVENUE,GARDEN CITY
260,CHATHAM,25029,1516 KING GEORGE BLVD,SAVANNAH
261,CHATHAM,25033,6412 WATERS AVENUE,SAVANNAH
262,CHATHAM,25011,14 W ANDERSON ST,SAVANNAH
263,CHATHAM,25037,622 EAST 37TH ST,SAVANNAH
264,CHATHAM,25039,7375 HODGSON MEMORIAL DR,SAVANNAH
265,CHATHAM,25041,4601 US HIGHWAY 80 E,SAVANNAH
266,CHATHAM,25040,169 WHITEMARSH ISLAND RD,SAVANNAH
267,CHATHAM,25042,22 ROSE AVENUE,SAVANNAH
268,CHATHAM,25044,5111 ABERCORN ST,SAVANNAH
269,CHATHAM,25045,1800 EAST DERENNE AVE,SAVANNAH
270,CHATHAM,25059,5201 MONTGOMERY ST,SAVANNAH
271,CHATHAM,25056,1000 LAKE SHORE BLVD,PORT WENTWORTH
272,CHATHAM,25046,430 TIBET AVE,SAVANNAH
273,CHATHAM,25048,1401 MILLS B LANE BLVD,SAVANNAH
274,CHATHAM,25054,401 QUARTERMAN RD,SAVANNAH
275,CHATHAM,25223,175 BOURNE AVE,SAVANNAH
276,CHATHAM,25050,1410 RICHARDS ST,SAVANNAH
277,CHATHAM,25111,5100 LA ROCHE AVE,SAVANNAH
278,CHATHAM,25001,2023 TENNESSEE AVE,SAVANNAH
279,CHATHAM,25135,7202 CENTRAL AVE,SAVANNAH
280,CHATHAM,25053,124 BULL ST,SAVANNAH
281,CHATHAM,25057,101 TURNBERRY ST,PORT WENTWORTH
282,CHATHAM,25107,100 COMMERCE CT,POOLER
283,CHATHAM,25222,900 S ROGERS ST,POOLER
284,CHATHAM,25058,5321 OGEECHEE ROAD,SAVANNAH
285,CHATHAM,25060,112 FELL ST,SAVANNAH
286,CHATHAM,25218,100 MULBERRY ST,PORT WENTWORTH
287,CHATHAM,25078,939 WHEATON ST,SAVANNAH
288,CHATHAM,25064,216 E ROTHWELL STREET,POOLER
289,CHATHAM,25043,2 SAINT THOMAS AVE,SAVANNAH
290,CHATHAM,25066,1599 CHATHAM PARKWAY,GARDEN CITY
291,CHATHAM,25067,400 PENNSYLVANIA AVENUE,SAVANNAH
292,CHATHAM,25077,707 LITTLE NECK ROAD,SAVANNAH
293,CHATHAM,25076,309 TIBET AVE,SAVANNAH
294,CHATHAM,25137,1950 CHATHAM PARKWAY,SAVANNAH
295,CHATHAM,25068,3025 BULL ST,SAVANNAH
296,CHATHAM,25052,4929 PINELAND DR,SAVANNAH
297,CHATHAM,25070,50 DIAMOND CAUSEWAY,SAVANNAH
298,CHATHAM,25071,54 DIAMOND CAUSEWAY,SAVANNAH
299,CHATHAM,25072,52 DIAMOND CAUSEWAY,SAVANNAH
300,CHATHAM,25074,5502 SKIDAWAY RD,SAVANNAH
301,CHATHAM,25112,1381 DEAN FOREST RD,SAVANNAH
302,CHATHAM,25007,9114 WHITEFIELD AVE,SAVANNAH
303,CHATHAM,25079,3 WESTRIDGE RD,SAVANNAH
304,CHATHAM,25081,590 WALTHOUR RD,SAVANNAH
305,CHATHAM,25073,5100 WATERS AVE,SAVANNAH
306,CHATHAM,25063,20 E GORDON ST,SAVANNAH
307,CHATHAM,25016,5411 SKIDAWAY RD,SAVANNAH
308,CHATHAM,25084,8511 WATERS AVE,SAVANNAH
309,CHATHAM,25083,3000 BEE RD,SAVANNAH
310,CHATHAM,25017,8912 WHITEFIELD AVENUE,SAVANNAH
311,CHATHAM,25085,2821 RIVER DR,THUNDERBOLT
312,CHATHAM,25088,2323 OGEECHEE RD,SAVANNAH
313,CHATHAM,25101,12391 MERCY BLVD,SAVANNAH
314,CHATHAM,25213,204 FIFTH ST,TYBEE ISLAND
315,CHATHAM,25091,909 EAST BOLTON ST,SAVANNAH
316,CHATHAM,25092,1110 MAY ST,SAVANNAH
317,CHATHAM,25038,10710 WHITE BLUFF RD,SAVANNAH
318,CHATHAM,25096,1900 LINCOLN STREET,SAVANNAH
319,CHATHAM,25098,450 NORTH CROMWELL RD,SAVANNAH
320,CHATHAM,25049,195 WILMINGTON ISLAND RD,SAVANNAH
321,CHATHAM,25099,12521 WHITE BLUFF RD,SAVANNAH
322,CHATHAM,25100,302 BRIARCLIFF CIRCLE,SAVANNAH
323,CHATHAM,25102,407 TALMADGE AVENUE,GARDEN CITY
324,CHATHAM,25087,50 COACH JOE TURNER RD,SAVANNAH
325,CHATTAHOOCHEE,26001,127 INDUSTRIAL PARK RD,CUSSETA
326,CHATTOOGA,27001,44 HIGHWAY 48,SUMMERVILLE
327,CHATTOOGA,27004,4868 HAYWOOD VALLEY RD,ARMUCHEE
328,CHATTOOGA,27005,9 GORE FIRE HALL RD,SUMMERVILLE
329,CHATTOOGA,27008,71 EDISON ST,MENLO
330,CHATTOOGA,27003,71 EDISON ST,MENLO
331,CHATTOOGA,27006,6086 HIGHWAY 114,LYERLY
332,CHATTOOGA,27009,6086 HIGHWAY 114,LYERLY
333,CHATTOOGA,27016,6086 HIGHWAY 114,LYERLY
334,CHATTOOGA,27002,6086 HIGHWAY 114,LYERLY
335,CHATTOOGA,27011,35 SUBLIGNA BAPTIST CHURCH RD,SUMMERVILLE
336,CHATTOOGA,27015,90 DALTON ST,TRION
337,CHATTOOGA,27013,90 DALTON ST,TRION
338,CHATTOOGA,27010,90 DALTON ST,TRION
339,CHEROKEE,28088,232 ARNOLD MILL RD,WOODSTOCK
340,CHEROKEE,28049,710 ARNOLD MILL RD,WOODSTOCK
341,CHEROKEE,28002,3045 CANTON HWY,BALL GROUND
342,CHEROKEE,28003,1335 WYNGATE PKWY,WOODSTOCK
343,CHEROKEE,28052,137 HIGHTOWER RD,BALL GROUND
344,CHEROKEE,28052,137 HIGHTOWER RD,BALL GROUND
345,CHEROKEE,28200,110 ACADEMY ST,CANTON
346,CHEROKEE,28054,2275 BASCOMB CARMEL RD,WOODSTOCK
347,CHEROKEE,28143,1001 UNIVETER RD,CANTON
348,CHEROKEE,28066,3219 HUNT RD,ACWORTH
349,CHEROKEE,28058,6550 PUTNAM FORD DR,WOODSTOCK
350,CHEROKEE,28059,9081 FINCHER RD,WALESKA
351,CHEROKEE,28137,1190 EVENFLO DR,BALL GROUND
352,CHEROKEE,28202,1 MISSION PT,CANTON
353,CHEROKEE,28019,1208 ROSE CREEK DR,WOODSTOCK
354,CHEROKEE,28020,311 GOSHEN CHURCH WAY,WALESKA
355,CHEROKEE,28203,2510 EAST CHEROKEE DR,WOODSTOCK
356,CHEROKEE,28022,2755 EAST CHEROKEE DR,CANTON
357,CHEROKEE,28133,4056 EAST CHEROKEE DRIVE,CANTON
358,CHEROKEE,28068,4474 TOWNE LAKE PKWY,WOODSTOCK
359,CHEROKEE,28025,1965 HICKORY RD,CANTON
360,CHEROKEE,28070,3235 HOLLY SPRINGS PKWY,HOLLY SPRINGS
361,CHEROKEE,28134,78 RIDGE ROAD,CANTON
362,CHEROKEE,28134,78 RIDGE ROAD,CANTON
363,CHEROKEE,28071,2031 EAST CHEROKEE DR,WOODSTOCK
364,CHEROKEE,28139,10500 BELLS FERRY RD,CANTON
365,CHEROKEE,28072,3170 TRICKUM RD,WOODSTOCK
366,CHEROKEE,28073,10370 EAST CHEROKEE DR,CANTON
367,CHEROKEE,28079,442 ARNOLD MILL RD,WOODSTOCK
368,CHEROKEE,28075,615 MOUNTAIN RD,WOODSTOCK
369,CHEROKEE,28051,6659 BELLS FERRY RD,WOODSTOCK
370,CHEROKEE,28036,6409 BELLS FERRY RD,WOODSTOCK
371,CHEROKEE,28077,1375 PUCKETT RD,WALESKA
372,CHEROKEE,28081,201 CLUBHOUSE DRIVE,CANTON
373,CHEROKEE,28204,253 SHILOH CHURCH RD,DAWSONVILLE
374,CHEROKEE,28080,895 KNOX BRIDGE HWY,WHITE
375,CHEROKEE,28083,7032 HUNTERS RIDGE,WOODSTOCK
376,CHEROKEE,28082,800 WOODLAND PKWY,WOODSTOCK
377,CHEROKEE,28084,1780 A J LAND RD,CANTON
378,CHEROKEE,28076,4625 HIGHWAY 92,ACWORTH
379,CHEROKEE,28209,150 RIDGEWALK PKWY,WOODSTOCK
380,CHEROKEE,28085,2010 TOWNE LAKE HILLS SOUTH DR,WOODSTOCK
381,CLARKE,29001,225 NEWTON BRIDGE ROAD,ATHENS
382,CLARKE,29002,2025 BAXTER STREET,ATHENS
383,CLARKE,29007,775 EAST BROAD STREET,ATHENS
384,CLARKE,29038,4460 LEXINGTON ROAD,ATHENS
385,CLARKE,29003,3220 S BARNETT SHOALS ROAD,ATHENS
386,CLARKE,29008,1300 CEDAR SHOALS DR,ATHENS
387,CLARKE,29004,757 NORTH CHASE STREET,ATHENS
388,CLARKE,29016,000 ENTER BAXTER ST. PARKING LOT,ATHENS
389,CLARKE,29009,1700 CLEVELAND ROAD,BOGART
390,CLARKE,29010,1198 S MILLEDGE AVE,ATHENS
391,CLARKE,29011,900 OGLETHORPE AVENUE,ATHENS
392,CLARKE,29012,2350 BARNETT SHOALS RD,ATHENS
393,CLARKE,29015,900 GAINES SCHOOL ROAD,ATHENS
394,CLARKE,29005,3700 ATLANTA HWY,ATHENS
395,CLARKE,29013,715 FOURTH STREET,ATHENS
396,CLARKE,29014,2300 DANIELSVILLE ROAD,ATHENS
397,CLARKE,29017,293 GRAN ELLEN DRIVE,ATHENS
398,CLARKE,29036,1150 OGLETHORPE AVENUE,ATHENS
399,CLARKE,29019,297 HOYT STREET,ATHENS
400,CLARKE,29021,1900 TIMOTHY ROAD,ATHENS
401,CLARKE,29037,780 TIMOTHY ROAD,ATHENS
402,CLARKE,29023,1450 WHIT DAVIS RD,ATHENS
403,CLARKE,29024,555 QUAILWOOD DRIVE,ATHENS
404,CLARKE,29026,000 MARIGOLD LANE,WINTERVILLE
405,CLAY,30009,159 WILSON.,FORT GAINES
406,CLAY,30009,159 WILSON.,FORT GAINES
407,CLAY,30009,159 WILSON.,FORT GAINES
408,CLAY,30009,159 WILSON.,FORT GAINES
409,CLAY,30009,159 WILSON.,FORT GAINES
410,CLAYTON,31015,6475 MOUNT ZION BLVD,MORROW
411,CLAYTON,31026,1842 LAKE JODECO RD,JONESBORO
412,CLAYTON,31053,93 VALLEY HILL ROAD SW,RIVERDALE
413,CLAYTON,31001,3187 REX ROAD,REX
414,CLAYTON,31002,4199 OLD ROCKCUT ROAD,CONLEY
415,CLAYTON,31085,2352 OLD REX MORROW ROAD,ELLENWOOD
416,CLAYTON,31003,216 STOCKBRIDGE RD,JONESBORO
417,CLAYTON,31004,5500 REYNOLDS RD,FOREST PARK
418,CLAYTON,31005,9771 POSTON RD,JONESBORO
419,CLAYTON,31006,120 ORIOLE DRIVE,JONESBORO
420,CLAYTON,31007,1500 NORMAN DRIVE,COLLEGE PARK
421,CLAYTON,31062,6337 GEORGIA 42,REX
422,CLAYTON,31008,7013 CHURCH ST,RIVERDALE
423,CLAYTON,31012,7810 HIGHWAY 85,RIVERDALE
424,CLAYTON,31071,5823 TRAMMELL ROAD,MORROW
425,CLAYTON,31080,3675 STEELE ROAD,ELLENWOOD
426,CLAYTON,31082,11808 PANHANDLE ROAD,HAMPTON
427,CLAYTON,31017,930 FINLEY DR,FOREST PARK
428,CLAYTON,31019,5212 WEST ST,FOREST PARK
429,CLAYTON,31020,6712 W FAYETTEVILLE RD,RIVERDALE
430,CLAYTON,31021,825 TARA ROAD,HAMPTON
431,CLAYTON,31022,1169 MORROW RD,MORROW
432,CLAYTON,31023,1260 ROCKCUT RD,FOREST PARK
433,CLAYTON,31024,7711 MOUNT ZION BOULEVARD,JONESBORO
434,CLAYTON,31027,10990 FOLSOM ROAD,HAMPTON
435,CLAYTON,31028,7971 KENDRICK ROAD,JONESBORO
436,CLAYTON,31029,7435 TARA RD,JONESBORO
437,CLAYTON,31086,5745 W. LEES MILL ROAD,COLLEGE PARK 
438,CLAYTON,31031,7900 LAKE RIDGE CIR,RIVERDALE
439,CLAYTON,31032,865 BATTLE CREEK RD,JONESBORO
440,CLAYTON,31033,178 LEE STREET,JONESBORO
441,CLAYTON,31047,5880 OLD DIXIE HIGHWAY,FOREST PARK
442,CLAYTON,31083,11622 HASTINGS BRIDGE ROAD,LOVEJOY
443,CLAYTON,31034,1588 LOVEJOY RD,LOVEJOY
444,CLAYTON,31035,1587 MCDONOUGH RD,HAMPTON
445,CLAYTON,31036,1905 WALT STEPHENS RD,JONESBORO
446,CLAYTON,31037,2201 LAKE HARBIN ROAD,MORROW
447,CLAYTON,31039,1500 MORROW ROAD,MORROW
448,CLAYTON,31051,2920 MOUNT ZION ROAD,JONESBORO
449,CLAYTON,31041,2984 MT ZION RD,JONESBORO
450,CLAYTON,31042,2535 MT ZION PKWY,JONESBORO
451,CLAYTON,31081,9652 FAYETTEVILLE ROAD,JONESBORO
452,CLAYTON,31043,1251 MUNDYS MILL RD,JONESBORO
453,CLAYTON,31065,1014 NEW HOPE DRIVE,HAMPTON
454,CLAYTON,31057,7725 HIGHWAY 85,RIVERDALE
455,CLAYTON,31044,5517 W FAYETTEVILLE RD,COLLEGE PARK
456,CLAYTON,31045,1525 NORMAN DR,COLLEGE PARK
457,CLAYTON,31084,3406 REX ROAD,REX
458,CLAYTON,31046,1725 CHERYL LEIGH DR,RIVERDALE
459,CLAYTON,31048,8482 THOMAS ROAD,RIVERDALE
460,CLAYTON,31049,8495 THOMAS RD,JONESBORO
461,CLAYTON,31050,6340 HIGHWAY 42 SOUTH,REX
462,CLAYTON,31052,1064 BETHSAIDA RD,RIVERDALE
463,CLAYTON,31016,6253 GARDEN WALK BLVD,RIVERDALE
464,CLAYTON,31054,160 ROBERTS DRIVE,RIVERDALE
465,CLAYTON,31055,6390 RIVERDALE ROAD,RIVERDALE
466,CLAYTON,31056,400 ROBERTS DR,RIVERDALE
467,CLAYTON,31058,205 N. BRIDGE RD,FAYETTEVILLE
468,CLAYTON,31013,1087 BATTLECREEK RD,JONESBORO
469,CLAYTON,31059,591 FLINT RIVER RD,JONESBORO
470,CLAYTON,31060,1400 LAKE JODECO RD,JONESBORO
471,CLAYTON,31061,937 MOUNT ZION RD,MORROW
472,CLAYTON,31040,6021 MADDOX ROAD,MORROW
473,CLAYTON,31014,2750 FOREST PKWY,ELLENWOOD
474,CLAYTON,31063,5580 RIVERDALE RD,COLLEGE PARK
475,CLINCH,32001,109 ARABIA COURTHOUSE RD,HOMERVILLE
476,CLINCH,32003,25 COURT SQUARE,HOMERVILLE
477,CLINCH,32004,81 NICHOLS ST,DUPONT
478,CLINCH,32005,11 SUWANNEE DR,FARGO
479,CLINCH,32006,3050 JESSE STEEDLEY RD,ARGYLE
480,COBB,33001,4361 CHEROKEE ST,ACWORTH
481,COBB,33021,160 LEGION DR,SMYRNA
482,COBB,33004,2420 SPRING RD,SMYRNA
483,COBB,33006,2625 JOE JERKINS BLVD,AUSTELL
484,COBB,33166,2240 SHALLOWFORD RD,MARIETTA
485,COBB,33119,2753 WATTS DR.,KENNESAW
486,COBB,33162,4644 SANDY PLAINS RD,MARIETTA
487,COBB,33011,775 SMYRNA POWDER SPRINGS RD,MARIETTA
488,COBB,33013,4845 DALLAS HWY,POWDER SPRINGS
489,COBB,33117,285 VICTORY DR,MARIETTA
490,COBB,33133,5145 DUE WEST RD,POWDER SPRINGS
491,COBB,33018,2330 BURNT HICKORY ROAD,MARIETTA
492,COBB,33169,4025 SOUTH HURT ROAD,SMYRNA
493,COBB,33307,1243 BELMONT AVENUE,SMYRNA
494,COBB,33146,50 SHALLOWFORD RD,KENNESAW
495,COBB,33190,4905 ROSWELL RD NE,MARIETTA
496,COBB,33027,1350 JOHN WARD RD,MARIETTA
497,COBB,33028,2663 JOHNSON FERRY RD,MARIETTA
498,COBB,33029,1210 WOOTEN LAKE RD,KENNESAW
499,COBB,33087,3393 CANTON RD,MARIETTA
500,COBB,33135,285 SOUTH GORDON RD SW,MABLETON
501,COBB,33114,548 SOUTH MARIETTA PKWY,MARIETTA
502,COBB,33032,1000 EMC PKWY NE,MARIETTA
503,COBB,33139,3206 OLD HIGHWAY 41 NW,KENNESAW
504,COBB,33034,3795 COCHISE DR,ATLANTA
505,COBB,33036,1190 INDIAN HILLS PKWY,MARIETTA
506,COBB,33037,4605 EWING RD,AUSTELL
507,COBB,33097,2881 CANTON RD,MARIETTA
508,COBB,33057,1100 PIEDMONT RD NE,MARIETTA
509,COBB,33043,2121 WEST SANDTOWN RD,MARIETTA
510,COBB,33045,3956 DUE WEST RD,MARIETTA
511,COBB,33047,2891 MARS HILL RD,ACWORTH
512,COBB,33136,1940 SHALLOWFORD RD,MARIETTA
513,COBB,33048,5240 ROSWELL RD,MARIETTA
514,COBB,33049,4400 LOWER ROSWELL RD,MARIETTA
515,COBB,33214,2450 LOWER ROSWELL RD NE,MARIETTA
516,COBB,33055,2570 LOWER ROSWELL ROAD,MARIETTA
517,COBB,33060,315 KURTZ RD,MARIETTA
518,COBB,33061,1465 BRANDON DRIVE,MARIETTA
519,COBB,33132,5083 HIRAM LITHIA SPRINGS RD,POWDER SPRINGS
520,COBB,33003,1275 CHURCH STREET,SMYRNA
521,COBB,33065,4330 NORTH AVE,POWDER SPRINGS
522,COBB,33096,3481 CAMPUS LOOP RD,KENNESAW
523,COBB,33068,4803 FLOYD RD,MABLETON
524,COBB,33157,3996 FLOYD RD,AUSTELL
525,COBB,33069,1345 MARS HILL RD,ACWORTH
526,COBB,33071,3499 ROBINSON RD,MARIETTA
527,COBB,33154,4181 ATLANTA ST,POWDER SPRINGS
528,COBB,33035,3005 RING RD NW,KENNESAW
529,COBB,33042,3737 STILESBORO RD NW,KENNESAW
530,COBB,33083,675 HOLT RD,MARIETTA
531,COBB,33113,1083 ALLGOOD RD NE,MARIETTA
532,COBB,33077,4500 DUE WEST RD,KENNESAW
533,COBB,33078,1501 KENNESAW DUE WEST RD,KENNESAW
534,COBB,33143,3269 OLD CONCORD RD SE,SMYRNA
535,COBB,33082,2364 POWDER SPRINGS RD SW,MARIETTA
536,COBB,33084,3401 LOWER ROSWELL RD,MARIETTA
537,COBB,33085,2922 SANDY PLAINS RD,MARIETTA
538,COBB,33109,4101 SANDY PLAINS RD,MARIETTA
539,COBB,33010,2720 SOUTH COBB DR SE,SMYRNA
540,COBB,33073,1455 BEN KING RD,KENNESAW
541,COBB,33089,955 JOHNSON FERRY RD,MARIETTA
542,COBB,33091,4770 LEE WATERS RD,MARIETTA
543,COBB,33094,2958 NORTH MAIN STREET,KENNESAW
544,COBB,33064,3732 KING SPRINGS RD SE,SMYRNA
545,COBB,33191,3265 BROWN ROAD SE,SMYRNA
546,COBB,33099,230 CRESSON DR,MARIETTA
547,COBB,33002,1040 BLACKWELL RD,MARIETTA
548,COBB,33158,4201 LEGACY PARK CIR,KENNESAW
549,COBB,33175,4100 KING SPRINGS RD,SMYRNA
550,COBB,33134,50 VETERANS MEM. HWY,MABLETON
551,COBB,33156,4331 BROWNSVILLE ROAD,POWDER SPRINGS
552,COBB,33103,3450 STILESBORO ROAD,KENNESAW
553,COBB,33105,700 OLD MOUNTAIN RD,KENNESAW
554,COBB,33185,3825 LUTHER WARD ROAD,POWDER SPRINGS
555,COBB,33238,5235 AUSTELL-POWDER SPRINGS RD,AUSTELL
556,COBB,33107,4814 PAPER MILL RD,MARIETTA
557,COBB,33040,1200 INDIAN HILLS PKWY,MARIETTA
558,COBB,33148,6114 MABLETON PKWY,MABLETON
559,COBB,33174,5220 CHURCH ST SW,MABLETON
560,COBB,33110,3732 MACLAND RD,POWDER SPRINGS
561,COBB,33236,63 MAPLE AVENUE,MARIETTA
562,COBB,33115,1171 WHITLOCK AVE,MARIETTA
563,COBB,33017,3660 OLD STILESBORO ROAD,KENNESAW
564,COBB,33122,4075 MACLAND RD,POWDER SPRINGS
565,COBB,33127,287 MT CALVARY RD,MARIETTA
566,COBB,33123,1030 MILFORD CHURCH RD,MARIETTA
567,COBB,33309,1021 OREGON TRAIL SW,MARIETTA
568,COBB,33173,3320 SANDY PLAINS RD,MARIETTA
569,COBB,33039,2300 JAMERSON RD,MARIETTA
570,COBB,33126,4385 LOWER ROSWELL RD,MARIETTA
571,COBB,33054,1700 ALLGOOD RD,MARIETTA
572,COBB,33129,1770 JOHNSON FERRY RD,MARIETTA
573,COBB,33130,2320 MURDOCK RD,MARIETTA
574,COBB,33095,2975 COBB PARKWAY NW,KENNESAW
575,COBB,33022,836 NEW SALEM RD NW,KENNESAW
576,COBB,33137,4555 MAVELL RD,SMYRNA
577,COBB,33138,4120 CANTON RD,MARIETTA
578,COBB,33131,3900 SOUTH MAIN STREET,ACWORTH
579,COBB,33012,3100 JAYCEE DR,MARIETTA
580,COBB,33141,3413 BLUE SPRINGS ROAD,KENNESAW
581,COBB,33118,3737 DALLAS ACWORTH HIGHWAY NW,ACWORTH
582,COBB,33164,2730 CUMBERLAND BLVD SE,SMYRNA
583,COBB,33112,1630 PIEDMONT RD,MARIETTA
584,COBB,33100,3755 SANDY PLAINS RD,MARIETTA
585,COBB,33277,2720 PINE MOUNTAIN CIRCLE,KENNESAW
586,COBB,33151,4575 WADE GREEN RD,ACWORTH
587,COBB,33235,566 WHITLOCK AVE NW,MARIETTA
588,COBB,33104,816 PICKENS INDUSTRIAL DR,MARIETTA
589,COBB,33195,135 RIVERSIDE PARKWAY,AUSTELL
590,COBB,33167,3820 MACEDONIA RD,POWDER SPRINGS
591,COBB,33170,2825 SANDY PLAINS RD,MARIETTA
592,COBB,33046,1150 POWDER SPRINGS ST,MARIETTA
593,COBB,33121,4665 MACLAND RD,POWDER SPRINGS
594,COBB,33088,2051 LOWER ROSWELL RD,MARIETTA
595,COBB,33172,3529 LASSITER ROAD,MARIETTA
596,COBB,33120,1686 SHALLOWFORD RD,MARIETTA
597,COBB,33306,75 HAWKINS STORE RD NW,KENNESAW 
598,COBB,33308,810 CHURCH ST SE,SMYRNA
599,COBB,33176,200 VILLAGE GREEN CIR,SMYRNA
600,COBB,33177,3320 PAPER MILL RD,MARIETTA
601,COBB,33178,620 LIONS CLUB DR,MABLETON
602,COBB,33108,805 CLAY RD.,MABLETON
603,COBB,33183,4300 KING SPRINGS RD,SMYRNA
604,COBB,33007,4310 MOON STATION LANE,ACWORTH
605,COBB,33159,3640 SPRING HILL PKWY,SMYRNA
606,COBB,33188,1415 OLD CANTON RD,MARIETTA
607,COBB,33080,3330 SANDY PLAINS ROAD,MARIETTA
608,COBB,33041,1795 JOHNSON FERRY RD,MARIETTA
609,COBB,33212,555 NICKAJACK ROAD,MABLETON
610,COBB,33192,1480 BELLS FERRY RD,MARIETTA
611,COBB,33281,950 SHILOH RD,KENNESAW
612,COBB,33016,821 SOUTH GORDON RD SW,AUSTELL
613,COBB,33233,492 NORTH MARIETTA PARKWAY,MARIETTA
614,COBB,33072,4255 SANDY PLAINS RD,MARIETTA
615,COBB,33198,5950 NICHOLS RD,POWDER SPRINGS
616,COBB,33199,4290 PACES FERRY RD,ATLANTA
617,COBB,33201,2025 POWDER SPRINGS RD,MARIETTA
618,COBB,33202,4495 SANDY PLAINS RD,MARIETTA
619,COBB,33203,1245 VILLA RICA RD,MARIETTA
620,COBB,33070,1750 DENNIS KEMP LN,KENNESAW
621,COBB,33204,4915 DALLAS HWY,POWDER SPRINGS
622,COBB,33033,"1885 ROSWELL ST., SE",SMYRNA
623,COBB,33140,3662 SHALLOWFORD RD,MARIETTA
624,COBB,33207,165 LEMON ST,MARIETTA
625,COFFEE,34015,98 W. ELM ST.,AMBROSE
626,COFFEE,34001,2387 BRIDGETOWN RD,WILLACOOCHEE
627,COFFEE,34017,200 S MADISON AVE,DOUGLAS
628,COFFEE,34003,707 VAN STREAT HWY,NICHOLLS
629,COFFEE,34016,100 CHURCH ST,BROXTON
630,COFFEE,34008,230 SCHOOL CIRCLE,WEST GREEN
631,COLQUITT,35001,616 5TH AVE NW,MOULTRIE
632,COLQUITT,35002,2493 GA HWY 33 S,MOULTRIE
633,COLQUITT,35003,283 LANGFORD STREET,BERLIN
634,COLQUITT,35004,2407 BAY ROCKYFORD RD,MOULTRIE
635,COLQUITT,35005,570 JONAH TILLMAN RD,MOULTRIE
636,COLQUITT,35006,155 J P PERRY RD,NORMAN PARK
637,COLQUITT,35008,212 WEST BROAD STREET,DOERUN
638,COLQUITT,35009,103 N BAKER ST,ELLENTON
639,COLQUITT,35010,115 W MULBERRY ST,FUNSTON
640,COLQUITT,35011,240 GA HWY 202,HARTSFIELD
641,COLQUITT,35012,103 BRYAN RD,HARTSFIELD
642,COLQUITT,35013,1230 CANNON RD,MOULTRIE
643,COLQUITT,35014,5063 GA HWY 33 N,MOULTRIE
644,COLQUITT,35015,140 SMITHWICK RD,COOLIDGE
645,COLQUITT,35016,154 EAST BROAD ST,NORMAN PARK
646,COLQUITT,35019,231 SCHLEY CHURCH RD,MOULTRIE
647,COLQUITT,35020,6565 THIGPEN TRAIL,DOERUN
648,COLQUITT,35021,1100 11TH AVE SW,MOULTRIE
649,COLQUITT,35022,4182 ELLENTON OMEGA RD,OMEGA
650,COLUMBIA,36001,3917 WASHINGTON RD,MARTINEZ
651,COLUMBIA,36002,313 BASTON RD,MARTINEZ
652,COLUMBIA,36008,599 S OLD BELAIR RD,GROVETOWN
653,COLUMBIA,36048,5913 EUCHEE CREEK DRIVE,HARLEM
654,COLUMBIA,36006,4541 DEWEY DRIVE,MARTINEZ
655,COLUMBIA,36007,550 BLUE RIDGE DRIVE,EVANS
656,COLUMBIA,36037,4201 SOUTHERN PINES DRIVE,EVANS
657,COLUMBIA,36018,136 N BELAIR RD,EVANS
658,COLUMBIA,36010,4232 EVANS TO LOCKS RD,EVANS
659,COLUMBIA,36011,4227 COLUMBIA RD,MARTINEZ
660,COLUMBIA,36015,4781 HEREFORD FARM ROAD,EVANS
661,COLUMBIA,36016,7022 EVANS TOWN CENTER,EVANS
662,COLUMBIA,36012,6375 RIDGE ROAD,APPLING
663,COLUMBIA,36013,6808 COBBHAM ROAD,APPLING
664,COLUMBIA,36003,470 FURYS FERRY ROAD,MARTINEZ
665,COLUMBIA,36004,437 N BELAIR RD,EVANS
666,COLUMBIA,36019,703 FURYS FERRY ROAD,EVANS
667,COLUMBIA,36045,4945 HARDY MCMANUS RD,EVANS
668,COLUMBIA,36021,4406 WRIGHTSBORO ROAD,GROVETOWN
669,COLUMBIA,36022,5114 RIVERWOOD PARKWAY,EVANS
670,COLUMBIA,36054,108 W. ROBINSON AVE,GROVETOWN
671,COLUMBIA,36025,5555 HARLEM GROVETOWN ROAD,GROVETOWN
672,COLUMBIA,36023,1040 NEWMANTOWN ROAD,GROVETOWN
673,COLUMBIA,36024,206 EAST ROBINSON AVE,GROVETOWN
674,COLUMBIA,36027,145 NORTH LOUISVILLE ST,HARLEM
675,COLUMBIA,36056,381 WEST CHURCH STREET,HARLEM
676,COLUMBIA,36020,4798 HARDY MCMANUS RD,EVANS
677,COLUMBIA,36029,2520 RAY OWENS RD,APPLING
678,COLUMBIA,36030,527 BLUERIDGE DR,EVANS
679,COLUMBIA,36031,5555 HEREFORD FARM RD,EVANS
680,COLUMBIA,36032,3632 LYNNWOOD DR,MARTINEZ
681,COLUMBIA,36039,3910 DESOTO DR.,MARTINEZ
682,COLUMBIA,36034,4400 WHEELER RD,MARTINEZ
683,COLUMBIA,36055,215 LEWISTON ROAD,GROVETOWN
684,COLUMBIA,36036,2543 WILLIAM FEW PARKWAY,EVANS
685,COLUMBIA,36052,5445 COLUMBIA ROAD,GROVETOWN
686,COLUMBIA,36014,780 OLD LOUISVILLE ROAD,HARLEM
687,COLUMBIA,36035,1244 FURYS FERRY ROAD,EVANS
688,COLUMBIA,36040,3300 EVANS TO LOCKS ROAD,MARTINEZ
689,COLUMBIA,36057,842 APPLING HARLEM ROAD,HARLEM
690,COLUMBIA,36009,3425 ROSEMONT RD,APPLING
691,COLUMBIA,36046,600 STEVENS CREEK ROAD,AUGUSTA
692,COLUMBIA,36043,4594 COLUMBIA RD,MARTINEZ
693,COLUMBIA,36041,825 NORTH BELAIR RD,EVANS
694,COLUMBIA,36017,555 GIBBS ROAD,EVANS
695,COLUMBIA,36033,261 FLOWING WELLS RD,MARTINEZ
696,COLUMBIA,36044,4943 COLUMBIA RD,GROVETOWN
697,COOK,37002,134 ROUNDTREE ST,CECIL
698,COOK,37016,210 E 8TH ST,ADEL
699,COOK,37019,210 E 8TH ST,ADEL
700,COOK,37017,210 E 8TH ST,ADEL
701,COOK,37004,700 N ELM ST,ADEL
702,COOK,37006,15 E COLQUITT AVE,LENOX
703,COOK,37008,2904 HWY 76,ADEL
704,COOK,37010,115 E COLQUITT ST,SPARKS
705,COWETA,38030,197 TEMPLE AVENUE,NEWNAN
706,COWETA,38001,200 PETE RD,SHARPSBURG
707,COWETA,38002,"160 MARTIN LUTHER KING, JR BLVD",NEWNAN
708,COWETA,38026,135 HEERY ROAD,NEWNAN
709,COWETA,38007,85 LITERARY LANE,NEWNAN
710,COWETA,38005,275 PINE ROAD,NEWNAN
711,COWETA,38006,4566 TOMMY LEE COOK RD,NEWNAN
712,COWETA,38027,2564 HWY 154,NEWNAN
713,COWETA,38010,2545 W HWY 34,NEWNAN
714,COWETA,38012,3370 FISCHER ROAD,NEWNAN
715,COWETA,38013,100 PARK DRIVE,GRANTVILLE
716,COWETA,38028,171 MAGNOLIA STREET,HARALSON
717,COWETA,38008,2970 EAST HIGHWAY 16,SHARPSBURG
718,COWETA,38016,2355 N. HIGHWAY 29,NEWNAN
719,COWETA,38009,85 COUNTRY CLUB ROAD,NEWNAN
720,COWETA,38017,7 MAIN STREET,MORELAND
721,COWETA,38018,25 LAGRANGE STREET,NEWNAN
722,COWETA,38019,720 COUNTRY CLUB RD,NEWNAN
723,COWETA,38020,2285 WEST HIGHWAY 16,NEWNAN
724,COWETA,38022,105 MAIN STREET,SHARPSBURG
725,COWETA,38039,300 HOWARD ROAD,SENOIA
726,COWETA,38014,1515 LOWER FAYETTEVILLE RD,NEWNAN
727,COWETA,38025,3530 EAST HIGHWAY 34,SHARPSBURG
728,COWETA,38041,47 TURIN ROAD,TURIN
729,COWETA,38024,311 SMOKEY ROAD,NEWNAN
730,COWETA,38029,1792 WELCOME ROAD,NEWNAN
731,CRAWFORD,39006,365 COOL SPRINGS CH. RD,FORT VALLEY
732,CRAWFORD,39014,93 S. MATHEWS ST,ROBERTA
733,CRAWFORD,39003,640 GA HWY 128,ROBERTA
734,CRAWFORD,39010,4967 SANDY POINT ROAD,LIZELLA
735,CRAWFORD,39011,10042 GA HIGHWAY 42 S,FORT VALLEY
736,CRAWFORD,39009,5430 US HWY 341 NORTH,MUSELLA
737,CRISP,40001,848 CONEY ROAD NORTH,CORDELE
738,CRISP,40002,3930 1ST AVE,ARABI
739,CRISP,40003,110 W 13TH AVE,CORDELE
740,CRISP,40004,118 CRISP ACADEMY DR,CORDELE
741,CRISP,40006,3738 OLD PENIA RD,CORDELE
742,DADE,41001,71 CASE AVE,TRENTON
743,DADE,41003,000 SCHOOL ST,RISING FAWN
744,DADE,41004,000 NEW HOME RD,TRENTON
745,DADE,41005,12477 HWY 136,RISING FAWN
746,DADE,41007,131 GRIFFIN RD,LOOKOUT MT
747,DADE,41008,5491 HWY 301,TRENTON
748,DADE,41006,63 WAWONA DR.,WILDWOOD
749,DAWSON,42002,96 ACADEMY AVENUE,DAWSONVILLE
750,DAWSON,42010,145 LIBERTY DRIVE,DAWSONVILLE
751,DAWSON,42006,2142 HUBBARD ROAD,DAWSONVILLE
752,DECATUR,43001,405 E. GRIFFIN AVE,ATTAPULGUS
753,DECATUR,43027,179 CLIFTON STREET,BRINSON
754,DECATUR,43005,402 W. LEE ST,CLIMAX
755,DECATUR,43006,600 WHEAT AVE.,BAINBRIDGE
756,DECATUR,43009,1211 VADA RD,BAINBRIDGE
757,DECATUR,43010,2931 SPRING CREEK RD,BRINSON
758,DECATUR,43032,115 DEESE RD,BAINBRIDGE
759,DECATUR,43016,164 RIVER RD,BAINBRIDGE
760,DECATUR,43018,507 MARTIN ST.,BAINBRIDGE
761,DEKALB,44300,2443 MT VERNON ROAD,DUNWOODY
762,DEKALB,44002,659 ALLGOOD ROAD,STONE MOUNTAIN
763,DEKALB,44004,765 SOUTH HAIRSTON ROAD,STONE MOUNTAIN
764,DEKALB,44327,2968 CRAVENRIDGE DRIVE NE,ATLANTA
765,DEKALB,44327,2968 CRAVENRIDGE DRIVE NE,ATLANTA
766,DEKALB,44009,999 BRIARCLIFF RD,ATLANTA
767,DEKALB,44010,21 NORTH AVONDALE PLAZA,AVONDALE ESTATES
768,DEKALB,44223,1192 CLARENDON AVE,AVONDALE ESTATES
769,DEKALB,44043,3260 COVINGTON HIGHWAY,DECATUR
770,DEKALB,44043,3260 COVINGTON HIGHWAY,DECATUR
771,DEKALB,44443,"3132 CLIFTON CHURCH RD, SE",ATLANTA 
772,DEKALB,44443,"3132 CLIFTON CHURCH RD, SE",ATLANTA 
773,DEKALB,44212,2201 YOUNG ROAD,STONE MOUNTAIN
774,DEKALB,44013,1989 AUSTIN DRIVE,DECATUR
775,DEKALB,44014,5200 COVINGTON HIGHWAY,DECATUR
776,DEKALB,44109,2340 CLIFTON SPRINGS RD,DECATUR
777,DEKALB,44109,2340 CLIFTON SPRINGS RD,DECATUR
778,DEKALB,44015,3800 MILES E FOWLER WAY,LITHONIA
779,DEKALB,44016,3505 BORING ROAD,DECATUR
780,DEKALB,44227,1131 BRIAR VISTA TER,ATLANTA
781,DEKALB,44227,1131 BRIAR VISTA TER,ATLANTA
782,DEKALB,44018,3039 BRIARCLIFF ROAD,ATLANTA
783,DEKALB,44019,3715 LAVISTA ROAD,DECATUR
784,DEKALB,44020,3590 LAVISTA ROAD,DECATUR
785,DEKALB,44020,3590 LAVISTA ROAD,DECATUR
786,DEKALB,44329,"2235 BRIARWOOD WAY, NE",ATLANTA
787,DEKALB,44022,1855 BROCKETT ROAD,TUCKER
788,DEKALB,44024,4863 BROWN'S MILL ROAD,LITHONIA
789,DEKALB,44221,4150 GREEN HAWK TRAIL,DECATUR
790,DEKALB,44028,2330 RIVER ROAD,ELLENWOOD
791,DEKALB,44029,2300 WILDCAT ROAD,DECATUR
792,DEKALB,44030,3430 BOULDERCREST ROAD,CONLEY
793,DEKALB,44032,3540 BROAD STREET,CHAMBLEE
794,DEKALB,44032,3540 BROAD STREET,CHAMBLEE
795,DEKALB,44168,5265 MIMOSA DRIVE,STONE MOUNTAIN
796,DEKALB,44168,5265 MIMOSA DRIVE,STONE MOUNTAIN
797,DEKALB,44035,3536 RADCLIFF BOULEVARD,DECATUR
798,DEKALB,44302,4576 NORTH PEACHTREE ROAD,DUNWOODY
799,DEKALB,44037,1994 CLAIRMONT ROAD,DECATUR
800,DEKALB,44436,3701 COLLEGE AVE,CLARKSTON
801,DEKALB,44038,4007 CHURCH STREET,CLARKSTON
802,DEKALB,44418,"1530 WOODBINE AVENUE, SE",ATLANTA
803,DEKALB,44184,2067 COLUMBIA DRIVE,DECATUR
804,DEKALB,44040,3230 COLUMBIA WOODS DR,DECATUR
805,DEKALB,44041,3001 COLUMBIA DRIVE,DECATUR
806,DEKALB,44303,5303 WINTERS CHAPEL ROAD,DORAVILLE
807,DEKALB,44422,"1626 N DRUID HILLS RD, NE",ATLANTA
808,DEKALB,44422,"1626 N DRUID HILLS RD, NE",ATLANTA
809,DEKALB,44045,5587 REDAN ROAD,STONE MOUNTAIN
810,DEKALB,44441,500 S COLUMBIA DRIVE,DECATUR
811,DEKALB,44440,231 SYCAMORE ST,DECATUR
812,DEKALB,44440,231 SYCAMORE ST,DECATUR
813,DEKALB,44318,3725 PARK AVE,DORAVILLE
814,DEKALB,44318,3725 PARK AVE,DORAVILLE
815,DEKALB,44047,2449 DRESDEN DRIVE,CHAMBLEE
816,DEKALB,44383,1798 HAYGOOD DRIVE NE,ATLANTA
817,DEKALB,44049,651 S INDIAN CREEK DRIVE,STONE MOUNTAIN
818,DEKALB,44314,5035 VERMACK ROAD,DUNWOODY
819,DEKALB,44304,5339 CHAMBLEE DUNWOODY ROAD,DUNWOODY
820,DEKALB,44052,919 MARTIN ROAD,STONE MOUNTAIN
821,DEKALB,44048,"1886 NORTH DECATUR RD, NE",ATLANTA
822,DEKALB,44056,2914 EVANS WOODS DRIVE,DORAVILLE
823,DEKALB,44056,2914 EVANS WOODS DRIVE,DORAVILLE
824,DEKALB,44435,303 4TH AVE,DECATUR
825,DEKALB,44057,6133 REDAN ROAD,LITHONIA
826,DEKALB,44058,5505 PHILLIP BRADLEY DR,LITHONIA
827,DEKALB,44059,157 HEATON PARK DRIVE,ATLANTA
828,DEKALB,44062,601 W PONCE DE LEON AVE,DECATUR
829,DEKALB,44063,542 MORELAND AVE SE,ATLANTA
830,DEKALB,44231,4649 GLENWOOD ROAD,DECATUR
831,DEKALB,44065,1074 SOUTH INDIAN CREEK DRIVE,STONE MOUNTAIN
832,DEKALB,44066,4540 FLAKES MILL ROAD,ELLENWOOD
833,DEKALB,44215,4603 EVANS MILL RD,LITHONIA
834,DEKALB,44067,3226 FLAT SHOALS ROAD,DECATUR
835,DEKALB,44068,4022 FLAT SHOALS PARKWAY,DECATUR
836,DEKALB,44071,505 SOUTH HAIRSTON ROAD,STONE MOUNTAIN
837,DEKALB,44141,3434 PLEASANTDALE RD,DORAVILLE
838,DEKALB,44074,1879 GLENWOOD AVE,ATLANTA
839,DEKALB,44074,1879 GLENWOOD AVE,ATLANTA
840,DEKALB,44072,4650 FLAT SHOALS PKWY,DECATUR
841,DEKALB,44076,1101 HAMBRICK ROAD,STONE MOUNTAIN
842,DEKALB,44424,"2535 CALADIUM DRIVE, NE",ATLANTA
843,DEKALB,44079,2408 HENDERSON MILL RD,ATLANTA
844,DEKALB,44079,2408 HENDERSON MILL RD,ATLANTA
845,DEKALB,44082,1879 COLUMBIA DRIVE,DECATUR
846,DEKALB,44086,"480 CLIFTON ST, SE",ATLANTA
847,DEKALB,44305,2112 SEAMAN CIRCLE,CHAMBLEE
848,DEKALB,44088,1484 IDLEWOOD ROAD,TUCKER
849,DEKALB,44089,3901 ROCKBRIDGE RD,STONE MOUNTAIN 
850,DEKALB,44110,2418 WOOD TRAIL LANE,DECATUR
851,DEKALB,44110,2418 WOOD TRAIL LANE,DECATUR
852,DEKALB,44110,2418 WOOD TRAIL LANE,DECATUR
853,DEKALB,44090,2059 LAVISTA ROAD,ATLANTA
854,DEKALB,44091,2071 HOSEA L WILLIAMS DR SE,ATLANTA
855,DEKALB,44442,2630 SKYLAND DR,ATLANTA 
856,DEKALB,44092,1070 OTELLO AVENUE,CLARKSTON
857,DEKALB,44093,3411 KELLEY CHAPEL ROAD,DECATUR
858,DEKALB,44094,2590 KELLEY LAKE ROAD,DECATUR
859,DEKALB,44306,2051 BRENDON DRIVE,DUNWOODY
860,DEKALB,44307,4896 N PEACHTREE RD,DUNWOODY
861,DEKALB,44307,4896 N PEACHTREE RD,DUNWOODY
862,DEKALB,44372,"1663 E NANCY CREEK DRIVE, NE",ATLANTA
863,DEKALB,44099,"3801 BRIARCLIFF ROAD, NE",ATLANTA
864,DEKALB,44100,3142 LAWRENCEVILLE HWY,TUCKER
865,DEKALB,44100,3142 LAWRENCEVILLE HWY,TUCKER
866,DEKALB,44006,6920 MAIN STREET,LITHONIA
867,DEKALB,44102,2440 PHILLIPS ROAD,LITHONIA
868,DEKALB,44195,4137 LIVSEY ROAD,TUCKER
869,DEKALB,44104,5776 MARBUT ROAD,LITHONIA
870,DEKALB,44105,1634 KNOB HILL DR NE,ATLANTA
871,DEKALB,44429,586 CANDLER PARK DR  A,ATLANTA
872,DEKALB,44112,3836 MIDVALE ROAD,TUCKER
873,DEKALB,44218,2645 DEKALB MEDICAL PARKWAY,LITHONIA
874,DEKALB,44218,2645 DEKALB MEDICAL PARKWAY,LITHONIA
875,DEKALB,44114,2215 MILLER ROAD,DECATUR
876,DEKALB,44333,"1680 CLAIRMONT PLACE, NE",ATLANTA
877,DEKALB,44374,3995 ASHFORD DUNWOODY RD,ATLANTA
878,DEKALB,44374,3995 ASHFORD DUNWOODY RD,ATLANTA
879,DEKALB,44118,6015 OLD STONE MOUNTAIN ROAD,STONE MOUNTAIN
880,DEKALB,44119,1983 BROCKETT ROAD,TUCKER
881,DEKALB,44120,6775 SOUTH GODDARD ROAD,LITHONIA
882,DEKALB,44122,3981 MCGILL DRIVE,DECATUR
883,DEKALB,44433,1561 MCLENDON AVENUE NE,ATLANTA
884,DEKALB,44433,1561 MCLENDON AVENUE NE,ATLANTA
885,DEKALB,44108,923 VALLEY BROOK ROAD,DECATUR
886,DEKALB,44123,8350 ROCKBRIDGE ROAD,LITHONIA
887,DEKALB,44124,6400 WOODROW ROAD,LITHONIA
888,DEKALB,44126,3592 FLAT SHOALS ROAD,DECATUR
889,DEKALB,44310,5676 ROBERTS DRIVE,DUNWOODY
890,DEKALB,44311,4805 TILLY MILL RD,DORAVILLE
891,DEKALB,44131,1857 OAK GROVE ROAD,ATLANTA
892,DEKALB,44209,3574 OAKVALE RD,DECATUR
893,DEKALB,44132,3150 WILLOW OAK WAY,DORAVILLE
894,DEKALB,44133,222 EAST LAKE DR,DECATUR
895,DEKALB,44135,3261 PANOLA ROAD,LITHONIA
896,DEKALB,44136,2170 PANOLA WAY COURT,LITHONIA
897,DEKALB,44229,4000 COVINGTON HWY,DECATUR
898,DEKALB,44412,1530 JOY LANE,DECATUR
899,DEKALB,44412,1530 JOY LANE,DECATUR
900,DEKALB,44312,4664 N PEACHTREE ROAD,DUNWOODY
901,DEKALB,44312,4664 N PEACHTREE ROAD,DUNWOODY
902,DEKALB,44216,1321 SOUTH DESHON RD,LITHONIA
903,DEKALB,44142,2801 KELLEY CHAPEL ROAD,DECATUR
904,DEKALB,44143,2778 SNAPFINGER ROAD,DECATUR
905,DEKALB,44144,1914 S STONE MOUNTAIN-LIT RD,LITHONIA
906,DEKALB,44145,1775 YOUNG ROAD,LITHONIA
907,DEKALB,44146,1569 WELLBORN ROAD,LITHONIA
908,DEKALB,44061,5234 LAVISTA RD,TUCKER
909,DEKALB,44148,220 WEST COLLEGE AVENUE,DECATUR
910,DEKALB,44077,385 GLENDALE ROAD,SCOTTDALE
911,DEKALB,44149,1130 ROCK CHAPEL ROAD,LITHONIA
912,DEKALB,44149,1130 ROCK CHAPEL ROAD,LITHONIA
913,DEKALB,44150,5135 MEMORIAL DRIVE,STONE MOUNTAIN
914,DEKALB,44427,445 HALWICK WAY,STONE MOUNTAIN 
915,DEKALB,44202,2162 SECOND AVE,DECATUR
916,DEKALB,44202,2162 SECOND AVE,DECATUR
917,DEKALB,44222,"1804 BOULDERCREST RD,SE",ATLANTA
918,DEKALB,44152,1317 S INDIAN CREEK DR,STONE MOUNTAIN
919,DEKALB,44153,1865 ALDERBROOK RD NE,ATLANTA
920,DEKALB,44325,"240 CANDLER RD, SE-GYMNASIUM A",ATLANTA
921,DEKALB,44419,"240 CANDLER RD, SE GYMNASIUM B",ATLANTA 
922,DEKALB,44155,5333 SALEM ROAD,LITHONIA
923,DEKALB,44156,1040 KINGWAY DRIVE,LITHONIA
924,DEKALB,44159,5901 HUGH HOWELL RD,STONE MOUNTAIN
925,DEKALB,44160,1365 SNAPFINGER ROAD,DECATUR
926,DEKALB,44434,4065 SNAPFINGER RD,LITHONIA
927,DEKALB,44378,3110 ASHFORD DUNWOODY RD,ATLANTA
928,DEKALB,44164,1704 S STONE MTN-LITHONIA ROAD,LITHONIA
929,DEKALB,44217,"1790 LAVISTA RD.,NE",ATLANTA
930,DEKALB,44165,701 STEPHENSON ROAD,STONE MOUNTAIN
931,DEKALB,44166,922 STEPHENSON ROAD,STONE MOUNTAIN
932,DEKALB,44167,4900 SHEILA LANE,STONE MOUNTAIN
933,DEKALB,44210,6720 JAMES B RIVERS DR,STONE MOUNTAIN
934,DEKALB,44211,4301 SARR PARKWAY,STONE MOUNTAIN
935,DEKALB,44417,3123 KLONDIKE ROAD,LITHONIA
936,DEKALB,44169,2629 HUBER STREET,LITHONIA
937,DEKALB,44170,4228 GLENHAVEN DRIVE,DECATUR
938,DEKALB,44171,724 ROCK CHAPEL ROAD,LITHONIA
939,DEKALB,44301,5067 CHAMBLEE DUNWOODY ROAD,DUNWOODY
940,DEKALB,44103,735 SYCAMORE DRIVE,DECATUR
941,DEKALB,44175,300 CLUB HOUSE DR,PINE LAKE
942,DEKALB,44177,2701 OAKLAND TERRACE,DECATUR
943,DEKALB,44147,2397 FOURTH ST,TUCKER
944,DEKALB,44376,"1375 FERNWOOD CIRCLE, NE",ATLANTA
945,DEKALB,44157,1198 N VALLEY BROOK ROAD,DECATUR
946,DEKALB,44157,1198 N VALLEY BROOK ROAD,DECATUR
947,DEKALB,44183,1170 NORTH HAIRSTON ROAD,STONE MOUNTAIN
948,DEKALB,44098,3039 SANTA MONICA DRIVE,DECATUR
949,DEKALB,44185,3075 ALTON ROAD,CHAMBLEE
950,DEKALB,44188,5171 REDAN ROAD,STONE MOUNTAIN
951,DEKALB,44187,2861 WESLEY CHAPEL ROAD,DECATUR
952,DEKALB,44193,4120 CEDAR RIDGE TRAIL,STONE MOUNTAIN
953,DEKALB,44203,440 WICKSBURY WAY,STONE MOUNTAIN
954,DODGE,45002,4980 HWY 341,CHANUCEY
955,DODGE,45003,104 CHESTER AVE N,CHESTER
956,DODGE,45004,27 JOINER CREEK RD,HELENA
957,DODGE,45008,3181 ANTIOCH CHURCH RD,EASTMAN
958,DODGE,45009,28 RAILROAD AVENUE,COCHRAN
959,DODGE,45010,70 JAYBIRD SPRINGS RD,CHAUNCEY
960,DODGE,45011,1112 NEW UNION CHURCH RD,EASTMAN
961,DODGE,45012,2378 CHAUNCEY-RHINE HIGHWAY,EASTMAN
962,DODGE,45013,32 SEABORN ST,MILAN
963,DODGE,45014,7 JIM ROSS RD,EASTMAN
964,DODGE,45015,6 FIREHOUSE RD,EASTMAN
965,DODGE,45016,1309 BELL LINE ROAD,EASTMAN
966,DODGE,45017,252 2ND ST,RHINE
967,DODGE,45005,1670 COLLEGE ST,EASTMAN
968,DODGE,45018,4212 RHINE HIGHWAY,EASTMAN
969,DODGE,45019,2132 EMPIRE-CHESTER HIGHWAY,COCHRAN
970,DOOLY,46002,526 CENTRAL AVENUE,BYROMVILLE
971,DOOLY,46006,220 HIGHWAY 90,LILLY
972,DOOLY,46015,285 FULLINGTON AVENUE,PINEHURST
973,DOOLY,46009,563 W RAILROAD ST,UNADILLA
974,DOOLY,46016,402 HAWKINSVILLE ROAD,VIENNA
975,DOUGHERTY,47074,1700 CORDELL AVE,ALBANY
976,DOUGHERTY,47017,1425 W OAKRIDGE DRIVE,ALBANY
977,DOUGHERTY,47016,1028 MCKINLEY ST,ALBANY
978,DOUGHERTY,47019,505 BYRON PLANTATION RD,ALBANY
979,DOUGHERTY,47009,2126 W EDGEWATER DR,ALBANY
980,DOUGHERTY,47068,2400 GILLIONVILLE ROAD,ALBANY
981,DOUGHERTY,47002,416 N WESTOVER BLVD,ALBANY
982,DOUGHERTY,47003,3404 GILLIONVILLE ROAD,ALBANY
983,DOUGHERTY,47004,2234 CUTTS AVE,ALBANY
984,DOUGHERTY,47023,1305 E 2ND AVE,ALBANY
985,DOUGHERTY,47005,1215 LILY POND RD,ALBANY
986,DOUGHERTY,47007,1129 WHITNEY AVE,ALBANY
987,DOUGHERTY,47032,302 VICK ST,ALBANY
988,DOUGHERTY,47014,1601 FLORENCE DR,ALBANY
989,DOUGHERTY,47020,120 SUNSET LN,ALBANY
990,DOUGHERTY,47024,1905 M L KING JR DR,ALBANY
991,DOUGHERTY,47018,1600 PALMYRA RD,ALBANY
992,DOUGHERTY,47022,2410 SYLVESTER RD,ALBANY
993,DOUGHERTY,47006,311 W 3RD AVE,ALBANY
994,DOUGHERTY,47021,499 PINE BLUFF RD,ALBANY
995,DOUGHERTY,47013,1125 ANTIOCH RD,ALBANY
996,DOUGHERTY,47026,2600 RADIUM SPRINGS RD,ALBANY
997,DOUGHERTY,47028,1010 OLD PETORIA RD,ALBANY
998,DOUGHERTY,47025,2200 BARNESDALE WY,ALBANY
999,DOUGHERTY,47052,325 WHITNEY AVE,ALBANY
1000,DOUGHERTY,47072,2001 LEONARD AVE,ALBANY
1001,DOUGHERTY,47027,2600 PARTRIDGE DR,ALBANY
1002,DOUGHERTY,47010,1113 UNIVERSITY AVE,ALBANY
1003,DOUGLAS,48035,6903 JAMES D. SIMPSON AVE,DOUGLASVILLE
1004,DOUGLAS,48022,6754 CHURCH STREET,DOUGLASVILLE
1005,DOUGLAS,48012,11495 VETERANS MEMORIAL HW,DOUGLASVILLE
1006,DOUGLAS,48024,8138 MALONE STREET,DOUGLASVILE
1007,DOUGLAS,48021,9999 PARKWAY SOUTH,DOUGLASVILLE
1008,DOUGLAS,48013,3715 BRIGHT STAR RD,DOUGLASVILLE
1009,DOUGLAS,48014,5866 DORSETT SHOALS RD,DOUGLASVILLE
1010,DOUGLAS,48015,3989 CHAPEL HILL RD,DOUGLASVILLE
1011,DOUGLAS,48016,5357 CHAPEL HILL RD,DOUGLASVILLE
1012,DOUGLAS,48017,2544 POPE RD,DOUGLASVILLE
1013,DOUGLAS,48018,5400 STEWART MILL RD,DOUGLASVILLE
1014,DOUGLAS,48036,3099 CHAPEL HILL RD,DOUGLASVILLE
1015,DOUGLAS,48029,5900 PRESTLEY MILL RD,DOUGLASVILLE
1016,DOUGLAS,48019,3301 SHOALS SCHOOL RD,DOUGLASVILLE
1017,DOUGLAS,48028,5000 GEORGIA HIGHWAY 92,DOUGLASVILLE
1018,DOUGLAS,48001,2613 TYSON RD,VILLA RICA
1019,DOUGLAS,48002,13691 VETERANS MEMORIAL HW,WINSTON
1020,DOUGLAS,48032,6100 GA. HIGHWAY 5,DOUGLASVILLE
1021,DOUGLAS,48004,2960 SKYVIEW DR,LITHIA SPRINGS
1022,DOUGLAS,48005,8445 EPHESUS CHURCH RD,VILLA RICA
1023,DOUGLAS,48033,4979 GA. HIGHWAY 5,DOUGLASVILLE
1024,DOUGLAS,48007,7101 JUNIOR HIGH DR,LITHIA SPRINGS
1025,DOUGLAS,48034,10531 VETERAN MEMORIAL HWY,LITHIA SPRINGS
1026,DOUGLAS,48027,2520 EAST COUNTY LINE RD,LITHIA SPRINGS
1027,DOUGLAS,48010,2105 MACK RD,DOUGLASVILLE
1028,EARLY,49002,34 SHEFFIELD ST,CEDAR SPRINGS
1029,EARLY,49004,1030 BATES RD,BLAKELY
1030,EARLY,49004,1030 BATES RD,BLAKELY
1031,EARLY,49006,17 MCDONALD AVE.,BLAKELY
1032,EARLY,49011,13750 HWY 45,ARLINGTON
1033,EARLY,49012,30089 HWY 39,BLAKELY
1034,EARLY,49012,30089 HWY 39,BLAKELY
1035,EARLY,49012,30089 HWY 39,BLAKELY
1036,ECHOLS,50001,148 CHURCH OF GOD STREET,STATENVILLE
1037,EFFINGHAM,51016,1984 GA HIGHWAY 21 N,SPRINGFIELD
1038,EFFINGHAM,51012,812 BLUE JAY RD.,RINCON
1039,EFFINGHAM,51024,1952 NOEL C CONAWAY RD,GUYTON
1040,EFFINGHAM,51003,545 FAIR STREET,CLYO
1041,EFFINGHAM,51007,184 5TH ST,EGYPT
1042,EFFINGHAM,51008,144 ZEIGLER RD,BLOOMINGDALE
1043,EFFINGHAM,51010,5835 GA HIGHWAY 21 S,RINCON
1044,EFFINGHAM,51014,1004 LEXINGTON AVENUE,RINCON
1045,EFFINGHAM,51023,4752 GA HIGHWAY 17 S,GUYTON
1046,EFFINGHAM,51015,229 OHOOPEE AVE,MELDRIM
1047,EFFINGHAM,51006,810 CENTRAL AVE.,GUYTON
1048,EFFINGHAM,51021,131 ELKINS ST.,GUYTON
1049,EFFINGHAM,51019,305 WEISENBAKER ROAD,RINCON
1050,EFFINGHAM,51020,3430 GA HIGHWAY 21 S,RINCON
1051,EFFINGHAM,51018,1931 SANDHILL RD,GUYTON
1052,EFFINGHAM,51005,101 CLEVELAND ST,SPRINGFIELD
1053,EFFINGHAM,51017,155 GOSHEN RD,RINCON
1054,ELBERT,52001,209 E RAILROAD ST,BOWMAN
1055,ELBERT,52002,1010 CENTERVILLLE RD,ELBERTON
1056,ELBERT,52004,1923 PULLIAM MILL RD,DEWY ROSE
1057,ELBERT,52005,45 FOREST AVENUE,ELBERTON
1058,ELBERT,52006,2130 DR. GEORGE WARD RD.,ELBERTON
1059,ELBERT,52007,1065 LONGSTREET RD.,ELBERTON
1060,ELBERT,52010,3957 BRAD DIXON RD.,ELBERTON
1061,ELBERT,52011,2980 ROCK BRANCH RD.,ELBERTON
1062,ELBERT,52008,1680 G R HAYES DR,ELBERTON
1063,ELBERT,52009,1732 ATHENS HIGHWAY,ELBERTON
1064,ELBERT,52012,2122 WYCHE CIRCLE,ELBERTON
1065,EMANUEL,53026,107 NORA BLVD,ADRIAN
1066,EMANUEL,53006,28 OAK CHAPEL ROAD,KITE
1067,EMANUEL,53001,2569 CANOOCHEE GARFIELD RD,TWIN CITY
1068,EMANUEL,53012,723 WADLEY COLEMAN LAKE ROAD,MIDVILLE
1069,EMANUEL,53002,301 MONROE ST.,GARFIELD
1070,EMANUEL,53027,17 ALCOTT DR.,NUNEZ
1071,EMANUEL,53040,3866 HARRINGTON ST,OAK PARK
1072,EMANUEL,53016,306 N. 1ST STREET,STILLMORE
1073,EMANUEL,53015,37 SUMMERTOWN MAIN ST.,SUMMERTOWN
1074,EMANUEL,53007,220 S CIRCLE DR,SWAINSBORO
1075,EMANUEL,53009,105 CIRCLE DR.,TWIN CITY
1076,EVANS,54014,818 W. MAIN ST.,CLAXTON
1077,FANNIN,55004,221 SCHOOL HOUSE RD,EPWORTH
1078,FANNIN,55005,440 WEST FIRST ST,BLUE RIDGE
1079,FANNIN,55010,8578 LAKEWOOD HWY,MINERAL BLUFF
1080,FANNIN,55008,4793 HWY 2,BLUE RIDGE
1081,FANNIN,55006,27298 MORGANTON HWY,SUCHES
1082,FANNIN,55015,6161 MURPHY HWY,MINERAL BLUFF
1083,FANNIN,55012,58 MARCH LN OFF MAXWELL RD,BLUE RIDGE
1084,FANNIN,55014,860 SALEM RD,MINERAL BLUFF
1085,FANNIN,55001,12520 ASKA RD,BLUE RIDGE
1086,FANNIN,55007,13320 APPALACHIAN HWY,MORGANTON
1087,FANNIN,55003,44 LAKE DR,MORGANTON
1088,FANNIN,55013,4772 MOBILE RD,MCCAYSVILLE
1089,FAYETTE,56001,310 CORINTH ROAD,JONESBORO
1090,FAYETTE,56038,607 RIVERS ROAD,FAYETTEVILLE
1091,FAYETTE,56002,975 ROBINSON ROAD,PEACHTREE CITY
1092,FAYETTE,56003,119 MORGAN MILL ROAD,BROOKS
1093,FAYETTE,56004,101 PEACHTREE PKWY NORTH,PEACHTREE CITY
1094,FAYETTE,56030,400 WINDGATE RD,PEACHTREE CITY
1095,FAYETTE,56042,400 WINDGATE RD,PEACHTREE CITY  
1096,FAYETTE,56006,205 STONEWALL AVENUE EAST,FAYETTEVILLE
1097,FAYETTE,56007,175 EAST LANIER AVENUE,FAYETTEVILLE
1098,FAYETTE,56008,1821 HERITAGE PARK WAY,FAYETTEVILLE
1099,FAYETTE,56009,114 HICKORY ROAD,FAYETTEVILLE
1100,FAYETTE,56033,870 REDWINE ROAD,FAYETTEVILLE
1101,FAYETTE,56010,208 WILLOWBEND ROAD,PEACHTREE CITY
1102,FAYETTE,56012,601 STEVENS ENTRY,PEACHTREE CITY
1103,FAYETTE,56013,164 FLAT CREEK TRAIL,FAYETTEVILLE
1104,FAYETTE,56014,1183 HWY 92 SOUTH,FAYETTEVILLE
1105,FAYETTE,56016,101 WALT BANKS RD,PEACHTREE CITY
1106,FAYETTE,56017,351 JENKINS ROAD,TYRONE
1107,FAYETTE,56018,202 FIELDHOUSE DRIVE,PEACHTREE CITY
1108,FAYETTE,56019,205 LAFAYETTE AVE,FAYETTEVILLE
1109,FAYETTE,56020,1077 HWY 314,FAYETTEVILLE
1110,FAYETTE,56021,352 MCDONOUGH ROAD,FAYETTEVILLE
1111,FAYETTE,56027,1091 SOUTH JEFF DAVIS DRIVE,FAYETTEVILLE
1112,FAYETTE,56023,551 NEW HOPE ROAD,FAYETTEVILLE
1113,FAYETTE,56024,409 KENWOOD ROAD,FAYETTEVILLE
1114,FAYETTE,56025,847 NEW HOPE ROAD,FAYETTEVILLE
1115,FAYETTE,56026,200 LOG HOUSE ROAD,PEACHTREE CITY
1116,FAYETTE,56015,2130 REDWINE ROAD,FAYETTEVILLE
1117,FAYETTE,56028,500 KEDRON DRIVE,PEACHTREE CITY
1118,FAYETTE,56029,201 WILLOW BEND ROAD,PEACHTREE CITY
1119,FAYETTE,56032,183 PANTHER PATH,FAYETTEVILLE
1120,FAYETTE,56034,1332 HWY 92 SOUTH,FAYETTEVILLE
1121,FAYETTE,56035,203 MCINTOSH TRAIL,PEACHTREE CITY
1122,FAYETTE,56022,103 OLD NORTON ROAD,FAYETTEVILLE
1123,FAYETTE,56011,143 COMMERCE DRIVE,TYRONE
1124,FAYETTE,56036,115 HAMPTON ROAD,FAYETTEVILLE
1125,FLOYD,57001,528 BURNETT FERRY RD,ROME
1126,FLOYD,57035,2901 GARDEN LAKES BLVD NW,ROME
1127,FLOYD,57003,6648 BIG TEXAS VALLEY RD,ROME
1128,FLOYD,57032,10 B GEORGIA AVENUE,CAVE SPRING
1129,FLOYD,57006,4454 ALABAMA HWY NW,COOSA
1130,FLOYD,57009,314 BURNETT FERRY RD,ROME
1131,FLOYD,57010,111 MORRIS RD,ROME
1132,FLOYD,57026,16 E 12TH STREET,ROME
1133,FLOYD,57012,1469 FLOYD SPRINGS RD,ROME
1134,FLOYD,57017,2200 REDMOND CIRCLE NW,ROME
1135,FLOYD,57013,106 GARDEN AVE S.E.,LINDALE
1136,FLOYD,57014,112 LOMBARDY WAY,ROME
1137,FLOYD,57015,436 BRANHAM AVE,ROME
1138,FLOYD,57008,2341 EVERETT SPRINGS RD,ARMUCHEE
1139,FLOYD,57018,5385 MARTHA BERRY HWY,ROME
1140,FLOYD,57042,400 CIVIC CENTER DRIVE,ROME
1141,FLOYD,57020,3126 CEDARTOWN HWY,ROME
1142,FLOYD,57011,48 ASH STREET,ROME
1143,FLOYD,57004,400 CIVIC CENTER DIVE,ROME
1144,FLOYD,57021,40 MINSHEW ROAD,SHANNON
1145,FLOYD,57039,1325 KINGSTON ROAD,ROME
1146,FLOYD,57023,2767 CHULIO ROAD,ROME
1147,FLOYD,57019,102 NORTH FLOYD PARK RD,ROME
1148,FLOYD,57024,2632 CEDARTOWN HWY SW,ROME
1149,FLOYD,57025,146 LIVINGSTON RD,ROME
1150,FORSYTH,58041,5395 KEITH BRIDGE RD,CUMMING
1151,FORSYTH,58001,200 JAMES RD,ALPHARETTA
1152,FORSYTH,58002,2300 KEITH BRIDGE RD,CUMMING
1153,FORSYTH,58034,3560 SETTINGDOWN RD,CUMMING
1154,FORSYTH,58006,6905 CONCORD RD,CUMMING
1155,FORSYTH,58004,100 MAIN ST,CUMMING
1156,FORSYTH,58033,1597 SAWNEE DR,CUMMING
1157,FORSYTH,58009,2100 PEACHTREE PKWY,CUMMING
1158,FORSYTH,58038,4110 CAROLENE WAY,CUMMING
1159,FORSYTH,58011,6755 MAJORS RD,CUMMING
1160,FORSYTH,58005,5345 SETTINGDOWN RD,CUMMING
1161,FORSYTH,58039,6910 MCGINNIS FERRY RD,ALPHARETTA
1162,FORSYTH,58014,1979 BUFORD HWY,CUMMING
1163,FORSYTH,58032,5100 POST RD,CUMMING
1164,FORSYTH,58040,810 NICHOLS RD,SUWANEE
1165,FORSYTH,58021,5745 OLDE ATLANTA PKWY,SUWANEE
1166,FORSYTH,58037,1605 CANTON HWY,CUMMING
1167,FORSYTH,58027,3995 WATSON RD,CUMMING
1168,FORSYTH,58035,1950 SHARON RD,CUMMING
1169,FORSYTH,58031,4444 FRONT NINE DR,CUMMING
1170,FRANKLIN,59003,5071 HWY 17 P O BOX 159,CANON
1171,FRANKLIN,59007,9265 LAVONIA RD,CARNESVILLE
1172,FRANKLIN,59005,4747 HWY 198,CARNESVILLE
1173,FRANKLIN,59011,39 POOLE ST,LAVONIA
1174,FRANKLIN,59009,1333 PLEASANT HILL RD,MARTIN
1175,FRANKLIN,59016,310 RAILROAD ST,ROYSTON
1176,FRANKLIN,59017,3058 SANDY CROSS RD,ROYSTON
1177,FULTON,60602,"650 MT. VERNON HWY, NE",ATLANTA
1178,FULTON,60602,"650 MT. VERNON HWY, NE",ATLANTA
1179,FULTON,60310,"2715 PEACHTREE RD NE, FAM LIFE",ATLANTA
1180,FULTON,60310,"2715 PEACHTREE RD NE, FAM LIFE",ATLANTA
1181,FULTON,60310,"2715 PEACHTREE RD NE, FAM LIFE",ATLANTA
1182,FULTON,60801,"1620 DELOWE DRIVE, SW",ATLANTA
1183,FULTON,60834,285 SHERIDAN DRIVE,ATLANTA
1184,FULTON,60834,285 SHERIDAN DRIVE,ATLANTA
1185,FULTON,60828,4055 FLAT SHOALS ROAD,UNION
1186,FULTON,60828,4055 FLAT SHOALS ROAD,UNION
1187,FULTON,60828,4055 FLAT SHOALS ROAD,UNION
1188,FULTON,60828,4055 FLAT SHOALS ROAD,UNION
1189,FULTON,60828,4055 FLAT SHOALS ROAD,UNION
1190,FULTON,60828,4055 FLAT SHOALS ROAD,UNION
1191,FULTON,60881,66 BROOKS VIEW DRIVE,FAIRBURN
1192,FULTON,60361,5575 ABBOTTS BRIDGE RD,DULUTH
1193,FULTON,60746,254 JOHNSON FERRY RD,SANDY SPRINGS
1194,FULTON,60746,254 JOHNSON FERRY RD,SANDY SPRINGS
1195,FULTON,60746,254 JOHNSON FERRY RD,SANDY SPRINGS
1196,FULTON,60756,2231 CAMPBELLTON RD,ATLANTA
1197,FULTON,60756,2231 CAMPBELLTON RD,ATLANTA
1198,FULTON,60803,1625 JOSEPH E BOONE BLVD NW,ATLANTA
1199,FULTON,60225,12624 BROADWELL ROAD,ALPHARETTA
1200,FULTON,60225,12624 BROADWELL ROAD,ALPHARETTA
1201,FULTON,60225,12624 BROADWELL ROAD,ALPHARETTA
1202,FULTON,60010,192 MAYFIELD ROAD,ALPHARETTA
1203,FULTON,60206,3595 WEBB BRIDGE RD,ATLANTA
1204,FULTON,60206,3595 WEBB BRIDGE RD,ATLANTA
1205,FULTON,60206,3595 WEBB BRIDGE RD,ATLANTA
1206,FULTON,60759,10 PARK PLAZA,ALPHARETTA
1207,FULTON,60853,201 WILLS RD,ALPHARETTA
1208,FULTON,60013,540 CAMERON ALEX. BLVD.,ATLANTA
1209,FULTON,60013,540 CAMERON ALEX. BLVD.,ATLANTA
1210,FULTON,60869,1614 ARTHUR LANGFORD JR PL SW,ATLANTA
1211,FULTON,60871,3353 MT OLIVE RD,ATLANTA
1212,FULTON,60892,130 WEST PACES FERRY RD NW,ATLANTA
1213,FULTON,60021,4110 OLD ALABAMA ROAD,ALPHARETTA
1214,FULTON,60021,4110 OLD ALABAMA ROAD,ALPHARETTA
1215,FULTON,60743,3900 AVIATION CIRCLE NW,ATLANTA
1216,FULTON,60705,6015 FELDWOOD ROAD,COLLEGE PARK
1217,FULTON,60023,9425 BARNWELL RD,ALPHARETTA
1218,FULTON,60706,7415 HERNDON RD,ATLANTA
1219,FULTON,60706,7415 HERNDON RD,ATLANTA
1220,FULTON,60267,2257 BOLLINGBROOK DR SW,ATLANTA
1221,FULTON,60267,2257 BOLLINGBROOK DR SW,ATLANTA
1222,FULTON,60887,3689 CAMPBELLTON RD SW,ATLANTA
1223,FULTON,60051,200 CASSANOVA ST SE,ATLANTA
1224,FULTON,60028,291 HAMILTON E HOLMES DR NW.,ATLANTA
1225,FULTON,60028,291 HAMILTON E HOLMES DR NW.,ATLANTA
1226,FULTON,60866,5925 OLD CARRIAGE DR, ATLANTA
1227,FULTON,60542,894 CONSTITUTION ROAD SE,ATLANTA
1228,FULTON,60222,14865 BIRMINGHAM HWY,MILTON
1229,FULTON,60222,14865 BIRMINGHAM HWY,MILTON
1230,FULTON,60870,2268 ADAMS DRIVE,ATLANTA
1231,FULTON,60873,2885 CHURCH ST, EAST POINT
1232,FULTON,60166,2741 HOWELL MILL RD NW,ATLANTA
1233,FULTON,60145,3250 HAMMARSKJOLD DR,EAST POINT
1234,FULTON,60033,269 BUCKHEAD AVE NE,ATLANTA
1235,FULTON,60891,3110 ROSWELL RD NE,ATLANTA
1236,FULTON,60168,2945 BURDETT RD,ATLANTA
1237,FULTON,60168,2945 BURDETT RD,ATLANTA
1238,FULTON,60640,315 RALPH MCGILL BLVD NE,ATLANTA
1239,FULTON,60640,315 RALPH MCGILL BLVD NE,ATLANTA
1240,FULTON,60180,1565 M L KING JR DR SW,ATLANTA
1241,FULTON,60180,1565 M L KING JR DR SW,ATLANTA
1242,FULTON,60005,3201 M L KING JR DRIVE SW,ATLANTA
1243,FULTON,60812,2845 BETHANY BEND,MILTON
1244,FULTON,60856,4345 WELCOME ALL TERRACE,ATLANTA
1245,FULTON,60036,4320 HERSCHEL ROAD,COLLEGE PARK
1246,FULTON,60036,4320 HERSCHEL ROAD,COLLEGE PARK
1247,FULTON,60036,4320 HERSCHEL ROAD,COLLEGE PARK
1248,FULTON,60036,4320 HERSCHEL ROAD,COLLEGE PARK
1249,FULTON,60036,4320 HERSCHEL ROAD,COLLEGE PARK
1250,FULTON,60036,4320 HERSCHEL ROAD,COLLEGE PARK
1251,FULTON,60036,4320 HERSCHEL ROAD,COLLEGE PARK
1252,FULTON,60036,4320 HERSCHEL ROAD,COLLEGE PARK
1253,FULTON,60036,4320 HERSCHEL ROAD,COLLEGE PARK
1254,FULTON,60036,4320 HERSCHEL ROAD,COLLEGE PARK
1255,FULTON,60038,"2326 VENETIAN DR., SW",ATLANTA
1256,FULTON,60039,2744 PEACHTREE RD NW,ATLANTA
1257,FULTON,60754,100 IVAN ALLEN JR. BLVD. NW,ATLANTA
1258,FULTON,60781,400 MERRITS AVENUE NE,ATLANTA
1259,FULTON,60781,400 MERRITS AVENUE NE,ATLANTA
1260,FULTON,60287,501 MITCHELL ST SW,ATLANTA
1261,FULTON,60045,140 WEST WIEUCA RD NW,ATLANTA
1262,FULTON,60045,140 WEST WIEUCA RD NW,ATLANTA
1263,FULTON,60686,6505 RICO ROAD,CHATTAHOOCHEE HILLS
1264,FULTON,60686,6505 RICO ROAD,CHATTAHOOCHEE HILLS
1265,FULTON,60686,6505 RICO ROAD,CHATTAHOOCHEE HILLS
1266,FULTON,60686,6505 RICO ROAD,CHATTAHOOCHEE HILLS
1267,FULTON,60686,6505 RICO ROAD,CHATTAHOOCHEE HILLS
1268,FULTON,60755,7345 RED OAK RD,UNION CITY
1269,FULTON,60755,7345 RED OAK RD,UNION CITY
1270,FULTON,60755,7345 RED OAK RD,UNION CITY
1271,FULTON,60755,7345 RED OAK RD,UNION CITY
1272,FULTON,60755,7345 RED OAK RD,UNION CITY
1273,FULTON,60053,5185 PEACHTREE DUNWOODY RD NE,ATLANTA
1274,FULTON,60806,11575 JONES BRIDGE RD,JOHNS CREEK
1275,FULTON,60055,47 CLEVELAND AVE SW,ATLANTA
1276,FULTON,60056,2672 OLD HAPEVILLE RD SW,ATLANTA
1277,FULTON,60056,2672 OLD HAPEVILLE RD SW,ATLANTA
1278,FULTON,60809,4095 STONEWALL TELL RD,SOUTH FULTON
1279,FULTON,60172,4645 BUTNER RD,ATLANTA
1280,FULTON,60172,4645 BUTNER RD,ATLANTA
1281,FULTON,60172,4645 BUTNER RD,ATLANTA
1282,FULTON,60899,3340 W STUBBS RD,COLLEGE PARK
1283,FULTON,60365,13080 COGBURN RD,ALPHARETTA
1284,FULTON,60533,3631 MAIN STREET,COLLEGE PARK
1285,FULTON,60533,3631 MAIN STREET,COLLEGE PARK
1286,FULTON,60533,3631 MAIN STREET,COLLEGE PARK
1287,FULTON,60533,3631 MAIN STREET,COLLEGE PARK
1288,FULTON,60533,3631 MAIN STREET,COLLEGE PARK
1289,FULTON,60816,3691 COLLIER DR NW,ATLANTA
1290,FULTON,60817,3270 BOULDER PARK DRIVE SW,ATLANTA
1291,FULTON,60064,3181 HOGAN ROAD,ATLANTA
1292,FULTON,60811,1190 NORTHWEST DR NW,ATLANTA
1293,FULTON,60893,2461 PEACHTREE RD,ATLANTA
1294,FULTON,60857,10700 CRABAPPLE RD,ROSWELL
1295,FULTON,60070,3995 WEBB BRIDGE ROAD,ALPHARETTA
1296,FULTON,60898,7405 HERNDON RD,FAIRBURN
1297,FULTON,60805,2775 CREEL RD,COLLEGE PARK
1298,FULTON,60072,77 E CROSSVILLE RD; SUITE 203,ROSWELL
1299,FULTON,60867,569 EZZARD ST SE,ATLANTA
1300,FULTON,60847,551 JOHN WESLEY DOBBS AVE NE,ATLANTA
1301,FULTON,60847,551 JOHN WESLEY DOBBS AVE NE,ATLANTA
1302,FULTON,60854,3070 FAIRBURN RD,ATLANTA
1303,FULTON,60174,2025 JONESBORO RD. SE,ATLANTA
1304,FULTON,60174,2025 JONESBORO RD. SE,ATLANTA
1305,FULTON,60097,1953 DONALD L HOLLOWELL PKWY,ATLANTA
1306,FULTON,60074,10495 JONES BRIDGE ROAD,ALPHARETTA
1307,FULTON,60074,10495 JONES BRIDGE ROAD,ALPHARETTA
1308,FULTON,60268,5090 ABBOTTS BRIDGE RD,ALPHARETTA
1309,FULTON,60268,5090 ABBOTTS BRIDGE RD,ALPHARETTA
1310,FULTON,60268,5090 ABBOTTS BRIDGE RD,ALPHARETTA
1311,FULTON,60161,477 WINDSOR STREET SW,ATLANTA
1312,FULTON,60233,2651 CHURCH ST,EAST POINT
1313,FULTON,60733,2301 HOLCOMB BRIDGE RD,ROSWELL
1314,FULTON,60081,11290 ELKINS ROAD,ROSWELL
1315,FULTON,60789,1400 MARTIN RD,ROSWELL
1316,FULTON,60552,5285 LAKESIDE DR,UNION CITY
1317,FULTON,60552,5285 LAKESIDE DR,UNION CITY
1318,FULTON,60835,768 HANK AARON DR SE,ATLANTA
1319,FULTON,60835,768 HANK AARON DR SE,ATLANTA
1320,FULTON,60598,5790 FELDWOOD ROAD,COLLEGE PARK
1321,FULTON,60598,5790 FELDWOOD ROAD,COLLEGE PARK
1322,FULTON,60598,5790 FELDWOOD ROAD,COLLEGE PARK
1323,FULTON,60598,5790 FELDWOOD ROAD,COLLEGE PARK
1324,FULTON,60598,5790 FELDWOOD ROAD,COLLEGE PARK
1325,FULTON,60091,3935 RUX RD SW,ATLANTA
1326,FULTON,60247,5880 FINDLEY CHASE DR.,DULUTH
1327,FULTON,60247,5880 FINDLEY CHASE DR.,DULUTH
1328,FULTON,60100,8675 RIDGE RD,FAIRBURN
1329,FULTON,60685,23 MALONE ST SE,FAIRBURN
1330,FULTON,60106,"1328 PEACHTREE ST., NE",ATLANTA
1331,FULTON,60820,580 ATLANTA STUDENT MOVEMENT BLVD,ATLANTA
1332,FULTON,60845,1356 ENGLISH ST,ATLANTA
1333,FULTON,60868,80 WALNUT ST,ATLANTA
1334,FULTON,60874,4141 OLD FAIRBURN RD,ATLANTA 
1335,FULTON,60874,4141 OLD FAIRBURN RD,ATLANTA 
1336,FULTON,60874,4141 OLD FAIRBURN RD,ATLANTA 
1337,FULTON,60842,965 FOWLER STREET NW,ATLANTA
1338,FULTON,60842,965 FOWLER STREET NW,ATLANTA
1339,FULTON,60861,537 PARK AVE SE,ATLANTA
1340,FULTON,60861,537 PARK AVE SE,ATLANTA
1341,FULTON,60116,2125 NORTHSIDE DR NW,ATLANTA
1342,FULTON,60117,786 THURMOND STREET NW,ATLANTA
1343,FULTON,60737,750 FRANCIS PLACE NW,ATLANTA
1344,FULTON,60737,750 FRANCIS PLACE NW,ATLANTA
1345,FULTON,60737,750 FRANCIS PLACE NW,ATLANTA
1346,FULTON,60122,705 HAMMOND DR NE,ATLANTA
1347,FULTON,60122,705 HAMMOND DR NE,ATLANTA
1348,FULTON,60122,705 HAMMOND DR NE,ATLANTA
